X1,X2,class
-0.2528492920265501,0.03281495890649786,0
0.8005685217391683,0.9326610247780383,1
1.1298095860941926,0.7081881488764942,1
-0.8847795970777619,-0.8667675614100772,0
1.217359271019439,1.8819889296714298,1
0.7242990997380442,1.0694343417604415,1
1.0746213984743695,0.9510516751257195,1
0.952711527138538,0.31245630140336433,1
1.2509066439677834,1.6132685307653183,1
0.1496574483962869,-0.6286681290225964,0
-0.7726848101465678,-1.0070126919285096,0
0.20867653323072508,0.19878519749770188,1
1.8466117749648991,2.06442235001915,1
0.22547319403254626,0.1291283603033399,1
2.430755080534064,1.919104214145471,1
0.8263412805605472,0.1868673855553396,1
-1.2828298796237911,-1.3578161125498898,0
0.5747801806292524,-0.2508194028298732,1
0.5507499097688853,0.5119181667756812,1
-1.2662228897015377,-0.623402171366697,0
1.0064024082546712,0.960202469005155,1
1.130152446676261,1.700357264927515,1
-0.9449298653455775,-0.8238441155132818,0
-0.23789612474791078,-0.6497595859490823,0
0.97477916096539,0.7959124813981148,1
0.2308802148817736,-0.3114496939067566,0
1.2923357373237006,0.7974339184068989,1
1.73715745040353,1.3871565937135455,1
-0.8301961748395992,-1.1348809322280744,0
-1.4587113075826965,-1.5838675526751669,0
-0.6171595987372143,-0.7067384449873426,0
0.23486092289569827,0.06554530019335081,1
0.9771718733623597,0.9276681421684315,1
0.4478357237220302,0.7839404595879718,1
-1.5876876369196384,-1.7966518649626315,0
-0.4135067444265569,-0.6998292739441925,0
0.807188175983134,1.1341036813853107,1
1.47481336426252,1.4533333799187615,1
-1.1129941704230994,-1.1678731405085,0
0.3081694468778285,0.5864585139038277,1
-0.8103706510745052,-0.24712797943050926,0
-0.29552885604458806,-0.2072714389468383,0
-0.0001623504154222242,0.35915674214574583,1
-0.4802037151709508,0.06740673711227652,0
0.5830500306439269,0.49952090095604323,1
0.05997894851738156,-0.3424203141386593,0
-0.2866678894400994,-0.9909307864013244,0
-0.07723859702176378,0.2736799413457691,1
0.8139583397692159,0.1846802876086824,1
0.7245193332598323,0.1966645789698446,1
-2.270818783804351,-2.220130227613123,0
2.1286862372709843,0.5455830206307383,1
-0.4254655717531455,-0.647790186803041,0
0.7508452243904685,1.0696148797240235,1
1.2192621617115205,1.682344131777169,1
-0.7111622477055938,-0.8019505153824079,0
1.558139137749043,1.3167509135687177,1
0.7218134083946267,1.7696268910412083,1
1.695918663851378,1.0462292944246518,1
-0.5527709010128997,0.17618433352661012,0
-1.8958480621532074,-0.9586465424671965,0
0.07905687916842345,0.15653385464345754,1
0.5246853181331317,0.633246750125844,1
0.29726940423206655,0.27030277829952093,1
1.0117245875612209,0.5307532253137001,1
0.9526988674072846,0.27888959519538553,1
-1.0183088709250057,-0.7621036611963283,0
1.340100079343353,0.4193136502291573,1
-0.4428959784178492,-0.2691718396583571,0
-0.35991807911350193,-0.20678843749043005,0
0.12950695415747707,-0.0333569966841576,1
0.527601157303019,0.39399306763620145,1
1.538785187944753,0.6968601103052755,1
0.7388413373508484,1.3299411211196217,1
2.8822766633063295,2.2682142460909995,1
-0.5261646178081871,-0.7482310769370287,0
0.23021136216607566,0.33076104421804575,1
-0.08450924944977287,0.09450833307634876,1
0.8552888384327876,0.6301799128655134,1
0.5200956592901883,0.0967846746661681,1
-0.0754393645115767,-0.46427007499623496,0
-2.269059409424936,-1.402398108493205,0
-0.6358326204871211,-0.9279194041235101,0
-0.2898580888086264,-0.37802575513709374,0
1.0471754364934769,1.2091914902592211,1
-0.18012625911246444,-0.29169595353097927,0
-1.8259816145751346,-1.5325723299881269,0
-1.891141801513152,-2.0209650757493915,0
0.7335011770608233,0.9692013808425215,1
-0.20435917780953436,0.40038314580946727,1
0.5942520362200004,0.46255491981009067,1
-0.031922217627506855,-0.36400138737673454,0
0.2978436715186004,0.7227632027912712,1
0.9998406101565556,1.4154703379871418,1
0.8394584716464945,0.8410252290651797,1
-0.2983373115833413,0.02592428461235278,0
-0.8928692377492761,-0.7834436671116892,0
-1.3635568819926998,-1.1387871854665763,0
0.4684481204533611,0.772592784958051,1
-0.6738931696602211,-0.19777251838611953,0
-1.1942305099904864,-0.1533116039399172,0
1.2019541276189785,0.3990973877501687,1
1.2107122756407511,0.2662191750228499,1
-0.09980810649714307,-0.31103048668517586,0
-1.4066456765047959,-2.117393896687517,0
0.9422199536415741,0.4645592571004362,1
-0.4181781169143818,-1.2568931998137183,0
-0.7990742751306091,-0.3603180105375599,0
-0.30163094923435235,-0.45170827187538254,0
-1.013606997946886,-1.0916086561413723,0
1.2465119444124022,1.8783699521818427,1
-1.1679707836957338,-0.7052829003550783,0
0.44616340072906724,0.7606064906375508,1
-0.27812411213151045,-0.019027614580979676,0
0.02746134548904772,-0.22013896094551944,0
-0.2925701423899994,-1.182750642333466,0
1.0028931396580971,0.3802456238433632,1
-1.406214305361605,-1.9855420954839726,0
-1.824031374370441,-1.8390072060396323,0
0.03863358118314809,0.3390608489061873,1
0.34131951638496333,0.9948037314810535,1
-2.2811823190772875,-1.3709782971217772,0
1.0141917490468626,0.7839668100884145,1
0.7081864738752393,0.31608408447293973,1
0.28979514617354507,0.3179532145023395,1
0.9343328452891694,0.7145722071606267,1
-0.16115506128311288,-0.2586362511863509,0
0.07135678014639267,-0.021913326906184645,1
-0.15821757343468065,-0.8050503634226482,0
0.9205724892181593,0.07144192721103475,1
-0.4746957172000391,-0.0713638630090118,0
-2.2540174273125295,-1.3386245264350272,0
-0.021856330187560426,-0.5257356429707193,0
-1.2129411831089325,-1.3738074148015462,0
1.1515433233204146,1.5569727972310403,1
-1.695777286285345,-1.84782706830908,0
-0.4982843827269801,-0.4535626632802989,0
-0.07408771600813975,0.5535139841201359,1
0.8371674340923416,0.4018580700288026,1
-0.30487675159932415,-0.624230390368418,0
-2.56832814444015,-1.9070330071651782,0
2.3881313699676836,1.1000643432149662,1
0.6119893809962609,0.4340783859569119,1
1.249346843856007,1.1728841783192974,1
1.512151695724664,2.3889709696546224,1
-0.8095280494493785,0.07316734842215518,0
-0.34344249733674254,-0.5712564257581736,0
-0.8754210468911316,-1.094480128817401,0
-1.400910610403303,-2.0142429527729306,0
0.8958123540037918,1.5243368375912838,1
-0.7376618135589292,-1.466947646449406,0
-0.6812285084048857,-0.8636082323336167,0
0.8414546147542813,0.8974336518348026,1
1.2630532332444813,1.4211913484019212,1
0.20577886935995687,0.6689979238720166,1
-0.02087357861852577,0.1930530513883849,1
0.2566391702315486,0.22789867587720747,1
-0.4876619696603088,-0.5406163781095888,0
2.039206897625725,2.7431835926016377,1
-0.7484564360819377,-0.5654855905838205,0
0.21083890306776343,0.836838849605071,1
0.6423594023561069,0.43494078416810084,1
-0.18363091761956868,0.596535351938483,1
0.04722323095640823,0.28108919082910955,1
-0.170205543663894,-0.7071894423984513,0
1.1557113008941222,1.4798093475515801,1
1.4498564315600218,0.7483947497104447,1
0.6194609722588759,0.8950562449438972,1
-0.11506192941546671,0.1669312632388713,1
0.831351242275238,0.16197197311939845,1
-1.4137064153687924,-1.3340814269529577,0
-0.5907918180286568,-0.5314157473508438,0
-0.17568868794096804,-0.1400566082918381,0
-1.707473694268763,-1.7732589063409854,0
2.159679360414372,1.3412675495836457,1
0.8006590876102099,0.01544509710475304,1
-0.7602472909957663,-1.1247586727609586,0
2.0784757791964252,2.0256774425791972,1
-0.9254889276351457,-1.5431005525568373,0
0.07512777324672562,-0.1697870722446292,1
0.0022026109526433794,-0.4400516770013348,0
-0.5033305335623487,-0.5572781421335822,0
-1.053585099502404,-0.5975528677611565,0
-0.07898389288160135,-0.44411763483090694,0
0.023563246730480006,0.7781525880297073,1
1.8630674960690845,2.4943420279400246,1
-0.8393150786076556,-0.9496138692894552,0
-0.0068949040894287095,-0.03599323625489662,1
1.724059772922729,1.4236975723639995,1
0.4461955670425498,0.28867672738255185,1
-0.4362590374859821,-0.8784650045022049,0
0.9304469104571924,1.2459895120633884,1
-1.7572241881928963,-1.5505778676356323,0
0.5494002799788285,0.8038465180687328,1
-0.41731464999692175,-0.06753445972176376,0
0.2122532979768792,0.6913702703174721,1
-0.02528315875639511,-0.23816000064035361,0
-0.45633341671528155,-0.13271196412448782,0
-0.19485487090070802,-0.015753971073627745,0
-0.9704204545090692,-1.2579295782408788,0
-0.7826611721324851,-1.1670080351010135,0
-0.6369396833922847,-0.5149557487792162,0
1.9596073338481388,1.9287875858914616,1
0.40707367144019185,0.9111920954230744,1
0.2140509781749649,-0.0031497522169107897,1
0.6183127205141473,1.1472467054822875,1
-0.29283560173198736,-1.0680568088633415,0
-0.0692861146344304,-0.03075368460433931,1
1.5821078517969291,1.8752198480202729,1
-1.5608180206042774,-1.4812090986558932,0
-0.8743571787465513,-0.4040598326901098,0
-0.43803252072474375,-0.05295958961234893,0
0.5569205119256566,-0.28817321742005875,1
-1.0944974149996718,-1.3571828955048797,0
0.18282244443321463,0.19164124874490332,1
0.007856055199549605,0.12669100512870915,1
0.8413061095755606,1.009444071219972,1
0.4563192611193758,0.4563543240305583,1
1.538821804424166,0.970288712247193,1
-0.0635383283443493,0.29370889839411496,1
-0.97706796593146,-1.294733165315616,0
0.5521870393793757,0.03433514328039482,1
0.24801314902497706,-0.1126793981240193,1
-0.2703273913547326,-0.26069838959816377,0
0.9339527754428556,0.9904535494283566,1
0.7767319134680948,-0.031214861609494785,1
-0.7551240263101137,-0.4514887931865067,0
1.480584546938948,1.0947907534378931,1
-0.21098286438043964,-0.1049777408204053,0
0.17727733993895836,0.5421488333735804,1
0.1703503348159576,1.0955739397604962,1
0.5199814018767439,0.4651393931141389,1
-1.0148253196132964,-1.456987680608513,0
0.04966335938378184,-0.5689731705984435,0
-0.7528139443319829,-0.7710903802890264,0
2.0744338316230184,2.034808743833786,1
-0.1939896789312401,-0.2769780298673988,0
0.4698404198338811,0.41970531847138975,1
-1.6713926218073363,-1.7513674504630992,0
1.3106434805965486,1.1128096494267161,1
0.00661956319784751,0.08134902831435682,1
-0.09815287423274811,0.34266943620605994,1
-0.12658346547635302,0.1576241788942976,1
1.1177180689683317,1.9717413694798345,1
-1.2615922615893331,-1.10359009570304,0
0.3354670710456716,0.7662394564865032,1
-0.5367671807865191,-0.611629143543993,0
-1.8895373118724146,-0.8761898188555,0
-0.3033259932857521,0.18478360996488977,1
0.4453102155141944,0.2796635464898663,1
0.8237761073203632,0.840353532159513,1
-0.11579298033351734,0.9071923941285169,1
-0.3683406159986764,-0.2441158736547426,0
-0.03187735442331375,0.3788418431068266,1
1.0026973663602121,0.6014799991039218,1
-1.2229680107128549,-0.5350557732812826,0
-0.31096860632413886,-1.1624753471420226,0
0.4725058302515611,0.8860476247679541,1
1.37272266091463,0.8500795744333391,1
-0.6332323507097232,-1.043650805925637,0
-1.390197243142045,-1.2598661278891052,0
-0.4536688293579833,-0.8150245980269059,0
1.630579904243295,1.2994561761713865,1
-0.8900227972222241,-1.0429723408229823,0
-1.0420460143714663,-0.9491599521799319,0
0.8195039983294196,0.3702726299289792,1
0.5274078937983836,1.2974705468331331,1
0.7662615811585327,1.060336820420214,1
0.7669913020782376,0.7985257347033651,1
-0.5954515271235037,-0.571682727868228,0
0.3951580954196557,1.268413614618715,1
-1.6556007358470968,-1.8644856353947707,0
1.1126736784890083,0.9911466748778923,1
-0.15601196911187562,-0.36047684771327243,0
-0.41876185539220084,-0.07312108016093716,0
0.32724045244660194,-0.03218126323890334,1
1.4039475880793395,1.5764235966251503,1
-0.6992854827692906,-0.3156991987297418,0
-1.373779626439366,-1.5548496969102028,0
-0.42536392892481456,-0.7114076797203867,0
-0.024054903023445994,0.018924771321997803,1
0.2040901463266463,0.34768910890383786,1
0.27479597699988,-0.26371486083856804,1
0.6661663254108064,1.0664360062501963,1
0.6158847943059377,0.6496716953196093,1
-1.393551392808764,-2.541168732330755,0
0.6931302236404615,0.6470532819478216,1
0.7202582156491161,0.40716416083048323,1
0.26263893387298604,-0.022327030507469186,1
0.8860880820610098,0.9946724660248241,1
0.6421082588129255,0.9954535771271109,1
0.3930694472444895,0.1681634897559413,1
1.9211808036313291,0.9385839348969709,1
1.9651205687546387,1.4077292080336021,1
0.9337267130273262,0.3349929391376968,1
1.0898210580770378,0.8519042033081996,1
0.3476920610790002,0.28938755808783906,1
-0.914651489660827,-1.0403348952467826,0
-1.442143909600142,-1.7283061345277522,0
0.30330479445737807,1.0929989046051651,1
1.8161583951818412,1.3241592117731769,1
-0.13676651492273284,-0.33770250261655144,0
-1.0631042232090708,-0.9839978768525828,0
-1.8265913059765548,-1.6677905176877483,0
0.39489961635976023,0.8292230122474169,1
-1.0623402498267323,-0.6520335307629592,0
-1.4913496642170432,-1.248535445211019,0
1.4633209556230764,1.818628178583789,1
-0.879199932402314,0.07400320766426681,0
-0.9814143696219263,-1.0797364889870738,0
-0.06669722936575173,0.7299581500772573,1
1.9312669222062424,1.2875377878169108,1
-1.8035194238390586,-1.6776546573618516,0
1.148412016696705,0.7720966381195739,1
0.7368151568603268,0.29455295808796367,1
0.6078878668215958,0.447845792476103,1
-0.1597251082074538,-0.6109061079103466,0
0.6845822788389484,0.5470595045099389,1
0.7911914234390613,0.552789801144148,1
0.22604702153387643,-0.15199136814688816,1
-0.08673710563692155,-0.2589001828866752,0
-0.30695696761077945,-0.25808519609456393,0
0.5037634473703194,0.23180370463423938,1
-0.6586158449081478,-0.7469799509865305,0
1.1779636190020544,1.3926140812094894,1
0.22071699838804412,-0.1523699148984721,1
-0.2284721797996044,-0.12416354146313008,0
0.33584402990484385,-0.5639946400388502,0
2.3953068075023682,2.0975022217254846,1
-2.0923453922164974,-2.2766010664604956,0
-1.1240390855384648,-0.6619800781053662,0
2.3968833176848023,3.076875935271292,1
-0.6276546952388893,-1.1983376198236397,0
-1.2362824249051159,-1.817915913212794,0
-0.041248034964561295,0.6443263869058634,1
0.9186306920189784,0.6347570315209328,1
0.5390751990879433,0.34568504830065067,1
-0.03080328912665251,0.3577707938307599,1
-0.32414746074795714,0.42968642997537754,1
-1.90706837307129,-2.12090702081318,0
-0.09577381816233127,-0.15525854405918463,0
-0.4430595705902906,-0.4576537776049266,0
1.1564872660583803,0.6229906015816297,1
-1.0882463366847606,-0.5873883299900434,0
-0.009577374341764443,-0.12935562755271657,1
-0.4835032593626008,-0.642047340288266,0
-1.435513940668099,-1.2133896245502025,0
-1.4748673951157407,-0.8866178969260488,0
-0.15490852386574783,0.08509407146523898,0
0.7861543117009477,1.150316789388888,1
-0.8722988632374301,-0.6962349524446801,0
-0.049057287552823424,-0.5679688937225055,0
-0.08322945865898732,-0.09116843263441456,1
-0.20327706643722254,0.35763303515613787,1
0.017925653205800474,0.24631369134846062,1
1.8313475416457903,1.238445322082271,1
0.49497897866786766,0.6914046669400153,1
-1.2691536945773507,-1.051230267172103,0
0.6934757575764556,0.7549878443605158,1
0.6466195391499092,0.336245564985891,1
-1.23425614910958,-1.8523815227977765,0
0.10932215522551994,0.19820170392853034,1
-0.37800943350661564,-0.14877007138898982,0
1.1985995427276959,0.9794416000442021,1
0.2538919647842436,1.0456830060519355,1
-0.8454113464937018,-1.928147257768839,0
-0.1586647130480945,0.22111444182230253,1
-0.6447604826670191,-0.25326950033854956,0
-0.14046775784919752,0.6995092484482938,1
0.6856150585238433,0.1885164536173883,1
2.0529072559705153,1.5153137478704624,1
-1.4828791891498134,-1.0481669279958936,0
-0.523132196131317,-0.07937886254637987,0
1.5077487157084293,2.003654695942943,1
-0.035104339392321104,0.04539932556910747,1
1.2336954852836624,1.3787660393235832,1
0.9828437181424828,0.4975743951110955,1
0.9754929959973846,1.1141638773180504,1
-0.9519847218227041,-0.7936509234313357,0
2.738330215807303,2.6432691120132965,1
0.16259569408010852,-0.14762288706234777,1
0.42654548961101163,0.547403317687269,1
-0.8756862252443726,-0.5224714426487651,0
-0.8561454067419617,-0.15632151765229887,0
-0.11727241692169169,-0.08838275770807806,0
1.091708857111356,0.9406828348133796,1
0.696946890163566,0.7666489761223322,1
1.08575003745793,0.7732225305011378,1
1.463355206137741,1.820869142505857,1
-0.5821407390848727,0.15838234993497324,0
0.5704798941813238,0.5852647575250755,1
-0.979963245721762,-0.9641688106201867,0
0.4183147778232906,0.3550469441839017,1
-0.21033370831644727,-0.16021079823374498,0
1.0577960843805192,1.3381497509286988,1
1.0438469435634012,1.1373304105296875,1
-0.26098370519192216,-0.6875366828679546,0
-1.11702658785768,-0.9049244005312091,0
0.19120815926341905,1.1035430804874413,1
-0.819690989052252,-0.3534623478788165,0
-0.5584509990037222,-0.37243817279988145,0
-1.335881052154384,-0.47261117260046726,0
0.325210060412441,0.1081983850306713,1
-1.4942539332823699,-1.2174010197337568,0
-0.42138271190931326,0.205004204014877,0
0.5120713127036909,1.0400481800395551,1
-0.6755199949501242,0.09326661058589132,0
1.6597526923410801,2.1006472160422627,1
0.9883457888935021,1.5731811104944609,1
-0.06437691340391616,-1.0017014854704835,0
0.08444928202279413,-0.6164805863521743,0
0.5235251981937964,0.652480892536135,1
-0.16141793753852252,0.08104593840091258,0
0.5237494313234258,0.35594733789822364,1
-0.49791623406256547,0.04724083351573127,0
0.24422496323651338,0.7041404536563045,1
0.3155812296634822,0.09792967154144006,1
0.2758027445274317,0.511488278231375,1
-1.2388653876507056,-0.9587663513200672,0
0.4195215888480804,0.1284217519177522,1
1.1408485739830139,0.8182087288474117,1
-0.2271686679964126,-0.7060676578644827,0
0.1706215806621754,0.01812490087094817,1
0.3090549428028372,-0.06912120881057951,1
1.011730458759491,1.1352392452055144,1
-1.408916518766314,-0.9523827317041069,0
0.8161839526255853,1.09415792288425,1
-1.339400391859844,-1.2701960580976137,0
-0.9646951488459783,-0.6480296442564951,0
-2.0096210472860565,-1.5163763646951052,0
1.1332617115919643,0.8743825591635616,1
-0.353131803226258,-0.18631202094101162,0
-0.4565001616967235,-0.4161041931825888,0
-0.8569844276756801,0.313352724693466,0
0.6635898582881085,0.9799847868620344,1
-0.24003533017568396,-0.2601088431742573,0
-0.5169822259856713,-1.1692599017504939,0
0.3056361207442135,0.03601621768867075,1
1.1215429355398268,0.510960142998209,1
0.5506006518019921,0.3399902423467719,1
-0.17897342187945559,-0.8914105320278496,0
-0.29576125414998694,-0.5873714592056196,0
0.6865691889147273,0.8695392203885125,1
1.309930259800034,1.291966609178434,1
-0.32851008803409587,-1.007073915800151,0
-0.09349282475160796,-0.8530811154463809,0
2.0451115245037554,2.9083869671278784,1
-0.46422947303128387,-0.5785800252598337,0
0.3562257870189004,-0.3377229401140336,1
-0.45966810222387117,-0.4743307128924313,0
0.45527880835339046,0.8102142346331263,1
-2.009012216512798,-0.8577365367858758,0
0.6535195550382272,0.4374421552620089,1
0.24202245298717423,0.33768351962241305,1
-0.6106663450094126,-0.5299233355496595,0
0.16646771562522394,0.6513046681145419,1
0.9637464764960574,0.454119525985188,1
-1.9897565326195514,-2.2761734981379007,0
-1.010075245587033,-0.02295240888998119,0
1.3006536566790832,1.166689766351846,1
-0.28735194133344427,-0.47648103698081634,0
1.2786843485092056,1.0537289266084242,1
-1.1692220565274172,-0.8874198112916877,0
-0.8986930448092649,-0.4511449614685012,0
-0.5440595031462063,-0.5770754347152521,0
-0.5919984146399516,-0.27437876497951663,0
0.7798808574482269,1.1205048318406516,1
-0.8592374625803589,-0.7708222849059514,0
-0.050877829979494735,-0.28664444933898486,0
-0.024771917104954643,0.12593967647790977,1
1.4766935906118521,1.8347657924459935,1
1.4272407341913207,0.5184395205274329,1
2.3160774402721223,1.9637629777704555,1
0.0254408111335168,0.23107481701105653,1
-0.4454491483828437,0.46241668983786954,1
-1.0304165098960705,0.06903827486703978,0
2.402019922607093,2.14662483065417,1
1.1659392397966144,0.38582102774703236,1
-0.3147963995912539,-0.3615306776243422,0
-0.29312548697821605,-0.37805450863142387,0
2.428757842155713,1.7476628961765248,1
1.9639151692212216,2.258544982028196,1
-1.374984241036689,-1.0310913886350224,0
0.15800455916484335,0.30288648297684784,1
0.7922662482512081,0.9409469748947078,1
-0.5264006071579217,-0.7985475155325645,0
-1.6266349045561563,-1.2274764180775706,0
1.347319622449324,1.7121721755328065,1
0.22326106819147856,0.13202654377235828,1
1.9170456351367038,1.3067680613369135,1
0.13199192927246386,0.36535579145428787,1
-2.15930610731962,-1.9259228462254045,0
1.6674568458397792,1.8102798002306557,1
0.45941396027575904,0.8494364426061299,1
0.3384559535914549,0.35473960768495194,1
0.39718271868334576,0.22279740768691345,1
0.8188091462732201,1.097715058142342,1
0.41479915840572473,0.9658708093998627,1
-0.4500795612043798,0.4620370371579264,1
1.2300458452010936,1.2101551245139974,1
1.1208544559060503,1.4573239749234965,1
2.641945295124805,2.7088839550862676,1
-0.8374987575807495,-0.8831974671827957,0
-0.9288288737400021,-1.3863056486259981,0
0.29245222463972764,-0.2511460918516117,1
1.97616262536184,2.0749688085088676,1
-0.44223243479500507,-0.6886311074928746,0
2.3414192410203674,1.930793796438304,1
0.8018467112983909,0.30126305607268383,1
-0.89454014378292,-2.128399823932923,0
-0.9300374934534922,-0.40869653842710724,0
1.1509379747779818,0.23590961733257607,1
0.8013210275064089,0.7853685891601341,1
-0.847577735214268,-1.0997506725916741,0
-1.3244943490480567,-1.360554511018784,0
0.004764602373860626,0.06911850295302317,1
1.4575048593473228,1.8457564486853473,1
-0.9893917775304532,-0.9345259253288877,0
1.1126889384955667,1.3338380588925478,1
-1.1808889815576016,-1.5348560671519733,0
-1.1049441414092265,-1.2291205991450191,0
0.3758378008521156,0.5291986151424287,1
-1.2864081860723837,-0.8160557818198251,0
0.2910382269710142,0.8555780049068936,1
-0.3091940812181206,-0.2945126210241985,0
-0.9092043425520207,-0.4216996340731051,0
-0.6384225328655848,0.09682154978503463,0
-1.1811460527960926,-0.5101395645629185,0
0.4901394961634125,0.3167911288437449,1
-0.16704363028167102,-0.3813310840758034,0
-0.764459582569633,-0.6248713104807601,0
-0.7604629851552874,0.07489080241511326,0
1.152438991875583,1.572923972456089,1
-0.06293330638352382,-0.14534661078987848,1
0.5346490599006576,0.45287812711648073,1
1.119267444816293,1.3484190501657671,1
1.745580417053655,2.16722431599221,1
-0.399177368811577,-0.27782948985814115,0
1.1463437728834038,2.0260859482610516,1
0.059770187223809154,1.1916987404334192,1
-0.6835305887463929,-0.9139943051811635,0
0.5676759560911625,0.611501065996642,1
0.4065736067391132,0.7719200361900852,1
-0.989299493736373,-1.5092427678628528,0
-0.9891615457365374,-0.9838157193266027,0
0.961526276460394,0.47624517228089064,1
0.1914596130814378,-0.15788350137903687,1
0.5239471513874124,0.7323773682312588,1
0.7932958768753301,0.8397650946945363,1
0.5813552029082252,0.11658286738262096,1
-0.10079744269743363,-0.4513580683564802,0
-1.2844118121891042,-0.6033291543407672,0
0.527945355172482,0.2743145173320793,1
-3.1851108152862175,-2.868019335109285,0
-1.4280918377102072,-0.923420812404636,0
2.7684589241253104,2.0174010490569176,1
0.3643488435701001,0.2543212014782155,1
0.17632219777016034,0.40678201519214296,1
-0.1878808975183266,0.6998307048916462,1
-0.9804590837126799,-1.962654483384711,0
0.48471177581173125,-0.28142648768518985,1
-1.1811798783113465,-0.13964725746065235,0
-0.06719385213756052,0.2272684019191624,1
-0.46763209214535034,-0.6115672822083631,0
-6.13503115602512e-05,0.6394564854637645,1
1.2826857314164908,1.2288325099127906,1
-0.2868396329474547,-0.47244752818363017,0
0.253000875100661,0.7560259789926418,1
1.769167695970454,1.089667183533198,1
1.0240730972333159,0.12791220347157065,1
-0.7116116596686999,-0.39746240751991324,0
-0.2032098531350166,-0.6876537406851425,0
0.5816292583472468,0.1048532690598109,1
0.6562151495754158,0.7917676279964746,1
0.09196002681434894,-0.2754587181436047,0
0.697348403699904,0.528554298269783,1
-0.9970957977403209,-0.24305869235054475,0
0.9130898789173251,0.7351395685285597,1
-1.1177780123717964,-1.0091367932678303,0
-0.5880458235346555,-0.3317695037342255,0
-0.6913125348244743,-0.3528694320756077,0
1.5635651784383438,1.7512240404069213,1
-0.841307417112952,-0.8206366986572733,0
1.433618383824602,1.3995644282322144,1
-0.0659824738841678,-0.4029855108913299,0
-3.4286175009359106,-3.490593902619106,0
0.7537232751337294,0.25578326547167707,1
0.1735024388418379,-0.005158398137003701,1
0.8119122937086806,0.5039988222801445,1
1.0105490521537326,0.3060327675386808,1
-0.49221286952513565,-0.7487893090101159,0
0.9363774307456866,0.9982857433935645,1
0.15007286360977815,-0.14938287604259368,1
-0.5502524841784747,-0.9179101718081069,0
-0.47985206048343665,-0.6709072536575629,0
0.9353403776733504,1.4998083706624075,1
0.41905634319203916,0.3385745372092291,1
-1.331095793023759,-0.913106897746107,0
1.218209002254419,0.989347619268362,1
0.8353914466815489,1.122694098203007,1
-1.0469221497579717,-1.578005148372492,0
0.8106572421615232,0.7956905728957584,1
0.3147159045536138,0.3770293570727605,1
-1.6270761477226399,-2.1019016399731703,0
0.12173021029059845,-0.9131181556230434,0
0.3349276393520238,0.3536550509694108,1
-0.08438462316539684,0.4088990715689681,1
0.5349328394014068,0.5969690809759108,1
-0.5879202280823794,-0.22241677947069802,0
0.717626585831687,0.7977269748068536,1
-1.2460171825083763,-0.7243101800387421,0
0.002393344733844415,0.6516217503305604,1
-0.13907899515133856,-0.21866298425063785,0
0.6384845189146046,0.2134992747475574,1
-1.4855693245320356,-1.4722454760674568,0
-1.1087939944090628,-0.96812995250621,0
-0.6870616439621641,0.008732705797024393,0
-0.779612238001279,-1.359718436580334,0
1.1998058642651375,1.3680753179830962,1
0.3639653936862692,0.32256183311335784,1
-0.09308826561467438,0.5098024310096564,1
-0.44779130978282156,-0.6880390899029483,0
0.11127327744587917,0.01200262776556811,1
0.43560258512531985,0.12155596223523571,1
0.93182226367098,1.1742461950065974,1
-0.2984907367950843,-0.9163842936997852,0
0.8935462995770221,1.0103519451130736,1
0.31261193170172225,0.4243158964331579,1
-1.7123046306636098,-1.6363795656658136,0
-0.04416783889542504,-0.058183066030590876,1
-0.28597973610927296,-0.5132935922096468,0
0.7122886267422512,1.4273877233048091,1
-1.0259386348856823,-1.0919819283729109,0
1.7873248164750573,2.1325788476275824,1
-0.8077933395907014,-0.3592721833695898,0
1.8027576059695603,1.7391208764671997,1
1.1585476699690682,1.3184457217686278,1
0.207806614507047,0.5073863794542901,1
-1.696240217380669,-1.2875269176043533,0
1.3845852284889344,1.2669169725497127,1
2.001547502875165,1.7107305958390642,1
-0.7071566869443494,-0.6830861221726204,0
0.4562612243024578,0.33323567337368565,1
1.0779372900578783,1.6120973204055153,1
1.17761799279647,1.1515984835203141,1
0.6450793508897779,-0.309072495952561,1
-1.3390171667981114,-0.8072593561271539,0
0.41130663730570005,0.30880070585671104,1
-1.0862473381715518,-0.5721817570178758,0
1.26054338994429,1.3009710773989227,1
1.0127454265116258,1.39125041115747,1
1.3445614228246197,1.365050440035891,1
-0.1491957155614075,-0.014644237397074284,0
-0.9142140769381915,-0.2750684085340154,0
-1.2888173359340833,-0.564041191299372,0
0.56954313204775,0.31506064834678776,1
-1.043565490847118,-0.8794628395474127,0
1.1885103615048556,-0.17863075560216074,1
0.18526731743968095,-0.3087771737340066,0
-1.6105820712775731,-0.4583856405444937,0
-0.04049826521791645,-0.3496358524010488,0
2.203615015334639,2.3531600874898295,1
0.814447623500386,0.5122584601827007,1
0.40371496182517885,0.499261505734333,1
0.6165295566163409,1.208467001734925,1
-0.9462705013022101,-0.8248352639761479,0
0.5926706129052598,0.630284622224636,1
-2.759978104520803,-2.5029652377391103,0
-1.0028296896565447,-0.5895668180151277,0
1.330395782768063,1.349912010004952,1
0.0009434361099154409,0.8145954663625504,1
-0.06850977246692268,-0.15831278099113041,1
-0.15938574624464713,0.248767188987676,1
-1.4319067552187341,-1.3213979218250083,0
-0.3431176007297546,-0.7192651771228566,0
-1.52795444241848,-1.826641477174526,0
-0.4264039954688723,-0.49388576829945874,0
0.5066273145129538,0.3718418033945353,1
-0.9529828092769678,-1.5153255014551221,0
0.2780926269643729,0.17657803742648234,1
-0.12000501576175455,0.3592531583803637,1
0.6494561067688517,0.5125948077956838,1
1.2941166887697555,1.187672496357759,1
-0.8442724185201959,-1.1544592152509765,0
-1.0727223912057655,0.20256277703840217,0
-0.2397681442503695,-0.7072432432064256,0
1.7351969390055133,2.0248655615973306,1
-1.3607297373698444,-1.0992392552726262,0
-0.2044574542283103,-0.7089598448844137,0
-0.35398317259386125,-0.03962819426040307,0
0.14133191464754985,0.8082326802870016,1
0.4319558141010383,0.024274742735349,1
-2.0105421062575046,-1.9701456234390886,0
-0.39272729443700605,-0.20448822573770864,0
0.05194918047946102,0.2347183252635512,1
-0.015789745848477966,-0.04034108315154622,1
-0.840204223549932,-0.97113307428491,0
-0.06105223450027624,0.1893012036695065,1
-0.726857239395817,-0.9241964430402451,0
0.5889327761210014,0.664381277781006,1
0.9664960747045398,1.1082486791436856,1
0.1761936060219032,0.024204597176253298,1
-1.3844309623348832,-1.8918794443622184,0
-0.7064201461334643,-0.4575488452738956,0
0.30803492705715496,0.05210154457231763,1
0.38504704517833355,0.2901209165490659,1
-0.3812673295872946,0.08112487219908414,0
-0.22779176859177985,-0.40376236980409286,0
0.8502126423045824,1.3055266608610747,1
0.44389251960985404,0.48282753985274424,1
-1.4305481216311555,-1.2787607522416804,0
-0.29740900561236955,-0.5893277486694851,0
0.4242975740067171,1.2690328181938506,1
-1.8877052364658815,-2.6240797559834923,0
-0.18568426618793188,-0.36281854814631315,0
0.11584108233707424,-0.0965535951643797,1
1.6771460936798324,2.326189013484926,1
0.4992407565975877,0.7785117479299286,1
0.5350236578113197,0.11318463660601424,1
-0.3674737789499444,-0.6618179682791518,0
1.5688911855378145,0.7012428573471169,1
0.4863707151792562,0.11139588953418463,1
1.080719007968706,0.5466183322559846,1
-0.46982731951599865,-0.5657572095463785,0
-0.5194421871512438,-0.678069119211646,0
0.3427445323486096,-0.38291311836952885,1
0.36569879642320224,-0.2656608961342522,1
-0.8763518746070537,-1.150395584161974,0
1.092467714134881,1.556214591018587,1
-1.3877274704546148,-0.8455338459883274,0
0.5327821730414914,0.38235328479963615,1
-0.49672765971692057,-0.581999928937882,0
1.4374047699349337,0.9247574600639039,1
0.6390446343408106,0.9286938379360403,1
1.121933739430209,1.028470669196772,1
1.1288934452353345,0.773050229400097,1
1.3037028203113457,1.803690407925605,1
-1.5433014478652072,-0.8128047744119862,0
0.9337219026749928,1.2375080802605944,1
-1.3257158995483396,-1.3075525820152538,0
-1.0815045901436477,-0.7450915081811801,0
-0.8000974598797727,-0.019533129467195272,0
0.8536504910037904,0.8646845123276821,1
-0.07078837069513519,-0.13908747701647645,1
0.09867267999172956,0.17911496532844887,1
0.711643275614606,0.5507302386486038,1
0.04593735877611229,0.740702503729607,1
-0.7806134710684345,-0.4751613099505438,0
-0.3093157443025514,-0.03287944495902803,0
-0.06454024178421137,0.3049125274550596,1
1.0619057921574795,0.4483448269432005,1
-0.8924002522466655,-0.2613430752093761,0
2.257780026619573,2.5636784422362755,1
0.7555838312468469,0.7714503263539462,1
0.6460357216372069,1.0961521584135705,1
0.035773766960912806,0.29941053415034186,1
0.3745978727502618,0.4841794778041519,1
0.8485423620753109,0.16852519533602883,1
0.8205581797571029,0.6132775375995679,1
-1.223874912763635,-1.4969280895530843,0
1.103971598271044,1.8565096059378245,1
-0.16601798918951988,0.5790321425068424,1
1.1360665243996089,2.1022963882405974,1
-0.0773339996241162,-0.19389460938713482,0
1.0677878190132757,0.6778190693256223,1
-1.8427035702336634,-1.4369772059340487,0
0.6599266742999592,0.09471416158385502,1
-0.8530088946330172,-0.6475581982714973,0
0.7923009302730835,0.22076850828419103,1
-0.36648089838235887,-0.6180353850570506,0
0.753733336650823,0.7832400187353308,1
0.14563151351234274,0.15705777370361956,1
-0.28471226708418107,-0.16632320229832256,0
-1.6867206210823618,-0.9565449251648087,0
-1.8095396967134838,-1.9247937255802081,0
-0.26324371071398855,-0.1615995750515899,0
-0.5420246694971763,-1.0363925123605935,0
-0.738932303984189,-0.9104243173665508,0
-1.1219048877467273,-1.5354686882738828,0
-1.8209623118454465,-2.283182584450043,0
-1.3697652357028411,-0.9768883183577074,0
-0.37087853694092227,-0.44089126720994115,0
-0.49078954822147436,-0.9818900412051533,0
0.6179681589693177,0.8823336238259657,1
-0.10527709252664444,0.24723388559698195,1
-1.2403169475787321,-0.9019189329383789,0
0.3702659787132737,0.7361665674570075,1
-1.4649808319647304,-1.0837706268635752,0
-0.7855379336375232,-1.0118443332622742,0
0.9085309570681368,1.0014831152672816,1
0.5523705282391836,0.09342593135371424,1
1.4386396274846334,1.5639647262517444,1
-1.891453135319307,-1.9960723918135752,0
-0.5138052329119251,-0.40781147946343643,0
0.3671490398520678,0.4493733331811417,1
-0.09187912071522134,-0.3257125615831548,0
2.2587242856127516,1.7297214241417203,1
0.2757371979360052,0.085175475228861,1
0.5892764403507308,0.1451459470056974,1
-0.34857575604544333,-0.28435711400143215,0
-0.14484713507429098,0.17913055130076422,1
0.4205737345434667,-0.38313895573344403,0
-2.1004299883312623,-1.7279170836117952,0
-1.450179288049477,-0.7787763700145622,0
-0.8144300809601732,-1.4034397246643,0
0.13280422253924623,0.7335464214718205,1
0.5422570625366964,-0.0299166484672391,1
-0.7605406818539746,-0.1920471473034118,0
-0.37873099100626517,-0.6577022994367602,0
0.8998542467145354,0.863399108555971,1
0.37921118893589617,0.6339354396157494,1
-0.3721191690877911,-0.4404803481887405,0
-0.3832223925160311,-0.880046867675429,0
-1.3119050113927986,-1.6031552262000817,0
-0.9628491294021103,-0.9363023497691273,0
-0.4115154023797124,-0.39197511601103296,0
0.25753720804399577,-0.07069685065467822,1
-1.0283733824567973,-0.7069945623291437,0
0.23977783733770405,-0.33236418559459363,0
-0.09641424730010863,-0.27068635703139726,0
0.2930068673351872,1.0912358772002644,1
-0.4745440325376531,-0.1395401110935327,0
0.4877609881758521,-0.2711516043205862,1
-0.25963397023623325,0.29389553460824747,1
-0.36076519603607576,-0.43390660654531965,0
0.48973739419301454,-0.752977182469609,1
-1.2243006350843586,-1.1819970373594084,0
-0.8377302655651163,-0.12908954581110274,0
1.0476789046866688,1.3191810230714127,1
0.49900631022369135,0.07746693330502055,1
0.7247469734935844,1.3192533299723002,1
1.7916553648446738,1.8951805660847565,1
-2.329564202281263,-1.3067637835232857,0
-1.5683838272164126,-1.3961458325461162,0
0.202462736971073,-0.5383136858095251,0
1.1938579878312487,1.0166508800697598,1
-1.3802287727314742,-0.8235026402453046,0
-0.016515122836332087,-0.4794730462644185,0
-0.6613603649863199,-0.03202245760714775,0
-0.5107346209171468,-0.7447010703971114,0
0.5474393436870877,0.7587684179901635,1
-0.6153181452991733,-1.1393059803202417,0
1.0324358702342227,0.5521395103503672,1
1.6157140369884837,1.825401116178563,1
0.9557665753573206,1.0467828369767054,1
-0.5995191317329052,-0.12165593975176005,0
-0.26594275921042126,-0.2532307777936783,0
0.22377648425535748,-0.10363928396443624,1
0.27439064726056184,0.17666825948033524,1
-0.04822954394091667,-0.46037336302398935,0
0.07874675580039955,0.46974145574872617,1
-0.18091669871881855,-0.42554850754481255,0
1.1543963197456764,0.683768504017371,1
0.24013868535781996,0.4369838079224539,1
0.6464326505700598,1.1923672629713267,1
0.8713525863772306,1.1950013835285314,1
0.5186422958773104,0.3806106319097235,1
-0.29275943513257535,-0.1278941034335806,0
1.066810904696883,1.2354993486280146,1
-1.2359286719437226,-1.7465622684168716,0
0.7673778160909464,0.9834093374050554,1
0.4989118645783905,1.0072111365641367,1
1.4462075142766948,1.1861250396922003,1
0.5637894959968452,0.7393467320423978,1
0.2508149745233397,0.08323092854972432,1
-1.1389304801525342,-1.2027794060912802,0
-1.0676962053302723,-1.0160344225676021,0
1.156903662014971,0.6012874800490273,1
0.9855391392920799,1.6890031125722809,1
1.347146215858667,1.4617666712896031,1
0.33489282667304926,0.14598793705238997,1
0.32656212763484965,0.147136906347551,1
0.1888002942036055,-0.06086000553745481,1
0.2259001172103447,0.7917290338679543,1
-0.6177559875689286,-0.7524020845438144,0
-0.42129839335076946,-1.1025240487351144,0
-0.301758436058681,-0.05025801099924895,0
-0.2610810126433089,-0.7133669865818609,0
-0.12952833812283143,-0.11020842733749803,0
-1.4508495839594928,-1.3823906177244836,0
-0.529043253719242,0.3359916395390158,1
-0.43384785614055416,-0.1834307040765331,0
-0.6572039498020784,-0.10747705167993801,0
0.37095144433419736,0.5346883113797639,1
-0.16907491811836928,-0.27101473799005915,0
-0.9522360785186333,-0.5169500024352964,0
0.0463288128636997,0.3414165615679136,1
-1.560208044460462,-1.5904113827230157,0
1.357652389973497,1.7159392638755475,1
1.1587766418750234,1.3594659461752086,1
0.043200318640199166,-0.7351987333895118,0
-1.24697632181533,-1.1312601160925078,0
1.3987271608566916,1.6723409730849514,1
0.5104923505965594,0.7035749710749836,1
-0.6873688647145603,-0.8471752137953327,0
1.6488086441243062,0.8472888431498317,1
0.6444122163315619,0.7507955386576173,1
0.6220540267422691,-0.09096157011133844,1
-0.8857805882147511,-1.3144179671067937,0
-0.384041278030083,-0.9737729389808427,0
1.6263037826859825,1.523277959250677,1
-2.0090443204603567,-1.3618126653134377,0
-0.39300146060746877,0.22610213317855696,0
0.8853763466338959,1.0752058414166226,1
0.7663701346500083,1.036202380212395,1
1.9038183827727693,2.1054399660623297,1
-0.8266224598497476,-0.6452282145805555,0
0.7074567124704748,0.9446423133607336,1
-0.031116459560862255,-0.5574202799013301,0
0.6246040482480923,0.4984145931981484,1
-1.9236116492143696,-1.4436779851151522,0
0.18402706570775604,-0.6964131721846655,0
0.4250851184181369,0.8590254054101732,1
0.34625532756290756,0.7317560171611293,1
0.7444474975558508,1.0251251331017364,1
-0.8879327817009813,-0.7070987782962519,0
-1.097646736577058,-1.0756168399512478,0
0.035126935328298525,0.16362892595752004,1
-0.38895202831634756,-0.8170116739314505,0
-1.2617331644282341,-0.827002264353632,0
0.43848246213654246,0.16328239612852719,1
0.647651050428152,0.7294091596817495,1
0.516106560588246,0.8363815030770962,1
0.06459348446871227,-0.872579952726665,0
2.076132486799418,1.8547878328446916,1
-0.005455694658910398,0.606747143681151,1
1.0491078306325963,0.7991815632700405,1
-1.001960504625958,-1.1016884280944552,0
-0.7339204011227332,-0.6727737964375357,0
-1.2148543621095147,-0.7589227467358627,0
-1.2584015808928142,-0.8969396727151585,0
1.0169379271248842,1.2633308115727198,1
-2.1427742099559337,-1.9357705588004543,0
-0.21487283956820757,-0.1854788572921517,0
-0.7368654918719223,-0.3646127372781708,0
0.5120818789796991,0.4981914414564283,1
-0.5121783636285916,-0.8115285978817547,0
1.6937719483172806,1.2623924106940778,1
0.03817274308274718,0.038456944517093104,1
-0.47021908679461955,0.29900757970154174,0
-0.702727628899593,-0.7502401697755171,0
-0.29175558880307856,0.08071166645709776,0
-0.6687715906017341,-0.7730031194546838,0
0.15405155588095917,0.5529723119461571,1
-0.8529250220725665,-0.6445492547062636,0
0.4956530321106388,0.4932305340837557,1
-1.1542155148132451,-0.4325614117760724,0
0.42707779358196124,0.6732109855496313,1
0.56331098445935,0.23271393708679275,1
2.5463320118263693,1.7941116630947012,1
0.0028081842273414135,0.07691972158297904,1
-0.02784596564558085,0.894564550405375,1
-1.7644494739238532,-1.9277528839850553,0
-0.6491471507361233,-0.4850182909425403,0
-1.1849803159570007,-0.36843801150729505,0
-0.34430937748331825,-0.5156984406925356,0
-0.5631385201777781,0.03111282672981184,0
0.17206485708778174,0.6120053371745108,1
-0.522461473614894,-0.09462717001427842,0
0.07329687709048756,0.36050271061328854,1
0.7991199577269741,1.2395469404293546,1
1.4747731939784163,1.336645533928921,1
0.2791102353420834,0.4029445583225015,1
0.9119914777819205,0.27031864273185013,1
1.3062024835401767,0.9043327405978963,1
1.5425402929568965,2.2137791300881013,1
0.6036440200989605,0.5408398107574904,1
1.6247055289772165,0.6813471808761574,1
1.2044066240120046,1.2765102843863327,1
-0.19244204938994444,-1.6198000793842624,0
-2.193206799207039,-1.455396395580465,0
0.7351329220752002,0.4737472753130451,1
-0.012774247154308091,-0.49490965362809064,0
0.5308188800623345,-0.7539063032403918,0
0.20620036179835985,-0.3122574539572355,0
0.8599716494246171,1.619569262542036,1
-2.1600662395199657,-2.0597938820657093,0
-0.033463171275533894,-0.09282508080666838,1
-0.5358877782402117,-0.25922625181326786,0
1.353006863675785,1.1721570067482165,1
-0.17982766626801572,-0.03871162003479487,0
0.28907663086493335,0.8191952283783326,1
-0.2783733150396342,-0.34376878429535696,0
-0.2609384610819759,-0.5203714008024944,0
1.050221753598504,0.5152332231713279,1
0.8107500136855872,0.5579428995693758,1
-1.2970374052597407,-0.7834632537705573,0
0.5883172315767966,0.1582863183966273,1
-0.6758079369726422,-0.5319095153297768,0
-0.354853979201423,-0.3371205078635066,0
-0.02331146796909324,-0.21295219827713055,0
-0.8772706981660064,-1.4020187033975755,0
0.4899061457438342,0.41972257786657946,1
0.7614679926961767,0.990223214337424,1
-1.810285011699648,-2.0660479011825705,0
0.7982199708422367,0.5204910655205507,1
-0.8171344905117885,0.06019032661202347,0
-1.8937312793062022,-1.7899360888949936,0
0.06022998694693357,0.29109707610226193,1
0.18022958651452609,0.017310235373734318,1
-0.03343862871425286,0.3451866725529851,1
0.3092405634042638,0.3809916805106963,1
-0.5565168203473677,-0.8672362541444598,0
-1.3857513041394083,-0.7590062745414404,0
1.3805608618510536,1.382535989782315,1
-0.6825213667818648,-0.7585707749975368,0
0.7004331783278415,0.6176359019779364,1
-0.4148272651065009,-0.21233517264700827,0
-0.9078210725550431,-0.779491055890784,0
-0.7748471850798226,-0.9122843330380885,0
0.7415186881359184,0.596051311039579,1
-0.19090036362085727,-0.8287205838692755,0
1.7636493871240588,1.356833970715746,1
1.504820248173181,1.6031959396100643,1
-0.10077495897460836,-0.7729291262943058,0
-0.2378647616734531,-0.278461844745326,0
-0.05831267728381495,0.445189811114679,1
-0.8124828919598154,-0.23883280733252402,0
-1.1783099728582263,-1.2534562022155074,0
1.104884984441577,0.9897075018414825,1
0.7891377665100631,0.8371015980509551,1
-2.208119350600252,-1.8561630112875898,0
-0.15989350200624838,0.06387842543565833,0
-0.5318956231039526,-1.383218171963041,0
-0.411071086300101,-0.36230699892908547,0
-0.2752300372754988,-0.8931654171233032,0
-0.6177632716958253,-0.6638569247994137,0
-0.07069065431606007,-0.39670916175828264,0
-0.5095635640357272,-0.852449537771441,0
1.225250062073244,1.6551940983411422,1
-0.5515895108592431,-0.29850393727063845,0
1.4041909508100627,1.769799650588108,1
-0.6848867272818953,-0.5483356038020668,0
0.21961841281901387,-0.08595179716339607,1
-0.9263860462587571,-0.6014520413775388,0
-1.6855984626774856,-1.7446406369262826,0
1.9884444609190763,1.612868200275605,1
-0.37828678792319803,-0.5596607281072767,0
0.8966199474956518,0.6952600678654086,1
-0.4556668413876625,-0.4078051888421474,0
0.2980612738145741,0.18006089256938176,1
-0.21730922668094352,-0.0803054824300638,0
0.37080147734678465,0.17335358403283457,1
-0.3906666158525182,-0.841985334391484,0
-1.1403714045669862,-0.9459514235962938,0
1.1388974417835385,1.0140966504940274,1
-0.1689362379760404,-0.4150748679019389,0
0.9580550300744691,0.7314486250195272,1
0.8547496084672683,0.21034174502535685,1
-0.07629728236942605,0.27339878158800446,1
-0.5983325831754062,-0.21835555010834676,0
1.0237639210652383,0.6363952079225574,1
-0.32152737262137626,-0.10730323782939537,0
-2.0363863844211525,-1.6659648390727004,0
0.33938131818356254,0.39666207072361864,1
-0.3546366489373628,-0.5806367274450892,0
0.00048801635266108965,0.15954965484459757,1
-0.37507450170026374,-0.6455028761010737,0
-0.7438190869824777,-0.694309660984183,0
1.5791326599716384,1.651011555358025,1
1.3798742762414413,0.5480488800202189,1
2.5078814408121213,2.120483031894357,1
-1.6300376596220032,-1.0621025325322038,0
1.4328245522751812,1.801502873834437,1
0.819543492940489,1.4413035362729683,1
0.08815022045989877,0.24883394918741164,1
1.0419522396896104,0.7748580928001381,1
1.1528746627113908,0.8000633360595394,1
-0.4624194290443522,-0.07154457419115152,0
-0.6191914740993598,-1.2280398583318648,0
-0.2823927823413593,-0.48889902927139717,0
-0.24075916167657863,-0.3574292264946916,0
-0.10630024201985813,-0.054593733717986696,0
-1.1393891318009985,-1.083527423168188,0
1.040781544647395,0.12326055922878786,1
-1.0619636447516947,-0.8304040275527849,0
-0.9364402976405112,-0.7129349272021803,0
-0.4565562838309851,-0.1509591711168745,0
-0.2965632411107374,-0.3706681269619939,0
-2.9178597445886107,-2.542576124256703,0
-0.6180818977353411,-0.2915350950569626,0
0.8789935118588765,0.9793184885561548,1
0.9661985852953717,1.4732376713653519,1
-0.3055030285891473,-0.9435548824593097,0
-0.31228521750361987,-0.29137749534066715,0
1.226421275130467,1.272635076744641,1
1.4388712493789673,1.2956587871275245,1
0.7990670045680889,0.7863876719434554,1
-1.8121027779846448,-2.088869417111731,0
0.3967862331854659,0.48117083701780916,1
-0.17597062406612862,0.019869895355545186,0
0.8109105078254072,0.02739069572536854,1
-2.4837642917352585,-1.7256947933452,0
0.32252889362246084,0.2579473071153154,1
0.7608432725190465,1.4462869451215314,1
-1.0098140047609068,-0.21312102242814313,0
-0.8416793829587216,-0.46680631618969404,0
-3.4190487042940654,-3.4162800584413398,0
-0.36395084426766944,-0.1577857318308685,0
0.6872231561767003,0.15536019058264736,1
-1.6583241614421758,-1.0100026199507584,0
-0.13397544058125535,-0.562364814733286,0
-1.3996209479782395,-1.6200910800024626,0
-0.33941465060103343,0.13601491865068727,0
-0.7647138897673872,-0.5453054537898155,0
-0.37280327180246275,-1.0159393398508145,0
-0.9382750495388352,-0.6181783520098886,0
0.0883368214649305,-0.3089863698677848,0
1.0557432562682456,1.3615649909190677,1
-0.01911790086189034,-0.18782014263261868,0
-0.298701631828344,0.1336336943211694,0
0.6066080555951477,0.9643386175452117,1
0.043542805537590955,0.15522476075265387,1
-1.1335923291771302,-0.7786606308340922,0
-1.2943535192325664,-0.1718859351870099,0
1.067039898849435,0.401639740846662,1
-0.18499385630699283,0.12896393166575723,0
2.3012515986359454,1.9789826451229704,1
-0.8266164660039503,-0.68554446863046,0
-0.9021024680439185,-1.1760458222612533,0
-1.1512244443157431,-1.0841730440355304,0
-0.46622579515246726,0.6333895557600682,1
0.938248782491242,0.9662483896019103,1
-0.35232725262485665,-0.33175887317983765,0
-0.6192534197289734,0.12826496522372322,0
2.009704784171729,1.2220659293453615,1
1.0742151882007172,0.6048637213031194,1
-2.0155493050227387,-1.8349155391523677,0
-0.12695120646678187,-0.20803274264860808,0
1.29458060183141,1.773054056755398,1
1.0591000455412263,1.1096060826384042,1
0.9021551045138618,0.9208230605737101,1
0.9989297926198624,1.0973260505466418,1
2.226625375017306,2.974019291712246,1
-0.9926404587073203,-0.1398792086124355,0
-0.7048727943237517,-0.5480911049542856,0
0.3239788807328737,0.21298412371445635,1
0.4119865953808181,0.5767390947710963,1
-1.2104447913800305,-1.296822059154464,0
-0.44445983143217993,0.7574359216807706,1
1.6544170725274305,1.2969021313476674,1
-1.8409897497420924,-1.870670537852889,0
0.005366471531136922,-0.2670672920672259,0
0.4365834257745384,-0.22715419796994438,1
1.0678182126381006,0.351985051296813,1
-0.38682857580141883,-1.03002279759943,0
0.2375024957072279,-0.45310053661651867,0
1.093758834069306,0.6234893848904899,1
-0.33823786159630337,-0.7411123752680309,0
-2.0783119292915266,-2.0475671361528947,0
2.573332467439219,2.7542663474676186,1
-0.8580332241017491,-0.412169967568421,0
-0.1175978890169324,0.016462957122202644,0
-0.9550886284348125,-0.3210657363573609,0
-0.7354612296700077,-0.1291299006850798,0
-0.649763609111892,-0.612149277358173,0
0.8620683652854685,1.1440156160271302,1
-1.6257197366787177,-1.6307987712470369,0
-1.1705285243017631,-1.303687921352529,0
0.019368752014008644,0.6032421983217411,1
-2.2198501701910063,-1.6981406560985528,0
1.892002773625592,1.7880999411580352,1
0.6626529038497778,0.5917113780120395,1
0.6694293529376079,-0.09811557439418292,1
-0.4411342586279799,-0.5581370854054865,0
0.2782529207407223,-0.983478215717493,0
-0.08604162615048304,-0.24583621742627867,0
0.7527498198643942,1.2962578454920692,1
-0.41743705873266995,-0.10274858627499903,0
0.2027953783126467,-0.5155066504813963,0
-0.5765079948267073,-0.43022489139567494,0
-0.03956006078556546,0.3573095375909887,1
-0.37163767439954587,-0.35711327556725786,0
1.1116960265976947,1.051996621835738,1
1.5891688744486174,0.7766065075652299,1
0.13162405891776635,-0.4948351234185815,0
1.4589599144093817,1.403162097324175,1
-1.480165049067682,-1.8432086997888948,0
-0.3826217834448505,-0.4542489278432684,0
-0.7754225685817885,-1.1901302065826327,0
-0.07509159050820371,0.8304773811488363,1
-0.5878310496076717,-0.5323876633580006,0
0.24779877491085406,0.056351996888316866,1
1.6525643641400718,0.5845508170052852,1
0.016956748192856762,0.047884485149125716,1
-1.383586762559052,-1.875433756255317,0
0.9715791744858274,1.161576094437447,1
0.06791516522580776,0.3906486796421471,1
0.09160281502641027,-0.0790570134329388,1
-0.4836860517881519,-0.5103428334443374,0
-0.9151325193858414,-1.1317455542701444,0
0.1679715828813395,0.23803309111736592,1
-0.7085121566095202,-0.647045892969367,0
-0.4646840353533867,-0.2494123381145467,0
-1.3743838093891836,-0.4875861208833001,0
-0.6531069894800146,0.7759302610947381,0
0.19417668495245646,0.1821769696187341,1
0.2569788721760283,0.8357177091105285,1
-0.5338394975205752,-0.5379943430305263,0
0.5789594206214635,1.101976331334353,1
0.338901848649931,0.19749808625456786,1
-0.7998180969443601,-0.6341602373930865,0
0.17421978098853358,0.12361911477113978,1
-1.0361648706948978,-1.1655305503043027,0
0.8123193423859109,0.3642646732561357,1
1.1327872725092312,0.846374006111039,1
1.122951876455245,1.220878467468125,1
0.35801006084432335,0.07730980760381231,1
-0.47854529961235653,-1.0225954346954231,0
-1.2031507985636716,-0.5481509652041165,0
-0.26991837805630725,-0.4232509568914255,0
0.7574543939391529,-0.14640075030151542,1
-0.1919161378142086,0.47892505590066736,1
1.111165146979087,1.3759808075490545,1
0.04876878902170249,0.05637759909987112,1
0.12626718527409472,-0.6058864379829678,0
-0.3969822662967871,-0.1017027765040535,0
0.4870000334958005,0.6625677479916736,1
2.638343773675958,2.630594453612438,1
-0.43970690300053267,0.04794311119236067,0
-0.5088213619625325,-0.8370122540308431,0
-0.30552159333590934,-0.329942726781492,0
0.23788920146000433,0.1383103069635742,1
-0.3184025775330166,0.09329992430538066,0
-0.18395069156781743,-0.0008199995521813562,0
-0.6558235206654028,-0.19967828174404212,0
0.7651030295371382,1.0197116146510765,1
0.023947730050953464,-0.19486378153090136,1
2.110811843582396,1.6996363311985359,1
-0.001606367533358789,-0.2987752229283132,0
-0.19106015096338738,-0.5594235864800297,0
-0.17167282551575222,0.2753688314151229,1
0.33003949767378876,0.7640824372572158,1
2.0106228410752003,1.2232805414886228,1
-1.268478825973037,-0.7300631214433055,0
-1.3852484333108694,-1.123021433221898,0
1.7006299345139333,2.7846901491570186,1
0.8681159468488332,1.5019539612392427,1
-0.1162981814241208,-0.09289927375638474,0
-0.07556510428010034,-0.09340546559288314,1
-0.10448493310005459,-1.1812542852846746,0
0.2059369364894846,0.0195251090417176,1
0.5761097881421372,0.8929236410089125,1
-0.5353162732008065,-0.174774190293993,0
-0.6026563851492571,0.2583240153178306,0
-0.07650135242673009,-0.16973949428060384,0
1.5520002040802792,0.7573855634198289,1
0.25501522592502013,-0.18479503467552333,1
-1.3645574578108153,-1.3925116418029515,0
-0.8283045652295014,-0.4431454262769546,0
0.24415120046219888,0.6495287366817565,1
-0.9125777731503071,-0.9886681247933393,0
0.5978875666563473,0.6822297625713251,1
-0.06041316029954548,-0.10428749388694841,1
-0.7092659632079564,-1.1679837047417596,0
-0.43613121730677706,-0.3244269558439321,0
1.0616594445187721,0.5924075484396744,1
-0.7341347904329694,-1.1115080531743302,0
0.25580357784438884,-0.332701982265257,0
-2.1145465247865447,-1.7708854365841575,0
0.04029850335845488,0.1696680175567957,1
-0.6002805439440324,0.3129845179488572,0
0.25573726234171296,0.28788688651272,1
-0.669796526839138,-1.0399528773508855,0
-0.25366690558913785,-0.41548917012836956,0
0.8819241778662626,0.9636881604228696,1
-0.2642398744397447,-0.6741465928338303,0
-1.3402973470123773,-1.669122419132114,0
-1.462768725165517,-1.6495149716182813,0
0.5010284171676388,-0.15888882145545088,1
0.3827744864153857,0.46050233694746123,1
0.17208041240758137,0.0613065682683806,1
0.8705142862079753,0.9443995311397309,1
0.5735979465404552,0.8234418740887188,1
-0.6022857552474064,-0.44842494047880654,0
0.2203797172645348,-0.21601834803502393,1
2.1035381139547833,1.3017622478306057,1
-0.14438657257031498,0.07359545896769165,0
-0.0884152813351411,-0.3322209536386739,0
-1.144942004717094,-1.5325350916034173,0
0.8969775236869794,1.032225259748964,1
0.8283608020644542,1.1503137183861134,1
-0.11427770113775688,-0.9510682190374173,0
0.8603504192658082,0.4122553103642417,1
-0.9527412698275204,-0.38128151228892637,0
-0.16796655859971946,-0.7721869331857103,0
1.4068882339498094,0.9769900328887966,1
-1.7177580792301497,-2.501641797673779,0
1.1615702096854656,0.7037516575822381,1
-1.3310113870790319,-1.3361858850553068,0
-0.14756653679423556,-0.33529778203040184,0
-0.32832751312639885,-0.5849641419777049,0
-0.3207022800239745,-0.008361972537791324,0
-0.5001861661155858,-0.1385541975614432,0
0.06340439318259897,-0.8097167131924486,0
0.134929187845439,-0.17697562679963305,1
-1.4317093476740161,-1.28893715128353,0
0.2417001682601602,0.026753176585871945,1
1.2317020778407066,1.2538118011762018,1
1.244628709320766,1.330623481446679,1
0.4834346356070345,-0.2781642224278941,1
1.186419389006419,2.26450411190532,1
-0.9186077091624789,-1.048825155956098,0
0.38788449765985156,0.47559430779569833,1
-0.7804533847393749,-0.586475159939034,0
1.0525920050019772,1.3418275601125422,1
-0.8010809855707375,-0.07136971932599712,0
0.7284976031724121,0.04978676623267177,1
0.7618205010721926,0.5946160993716078,1
0.0018323688509196128,-0.31440035667336846,0
-1.2886278417153312,-1.023809800702267,0
0.6870940315878805,-0.2481616289409504,1
-0.2761797592043309,-0.008202898523079063,0
-1.0170078927058974,-0.802375064323868,0
-0.9491931114668464,-1.134967980622045,0
-0.44581080713750626,-0.7263837113297813,0
-0.452128693541043,0.5179077258189023,1
-1.4024435393445829,-0.8634137026706347,0
-1.00080092476012,-1.515044889823729,0
-0.8809605821426667,-0.718288036693342,0
0.28127640846045876,0.5201061211417475,1
0.9659515373514551,-0.1055457129484187,1
-0.5053507628198458,-1.195456593525426,0
-0.5509665588844715,-1.3416124274982355,0
-0.007484484014677199,-0.5760481507395206,0
1.485769273601672,1.603345495495032,1
0.855805999679574,0.5189960560239093,1
-1.2568479946366264,-0.654232761562564,0
-0.6025826529469646,-0.01307575957753608,0
1.9434687213977913,1.906057567706086,1
0.24559407276889864,-0.3559108630328898,0
0.7125625281957085,1.159218336189745,1
-1.204095946743684,-1.54361979648166,0
-0.14090440071430216,0.7941342341879247,1
1.409085270081569,1.9794809198211385,1
0.7236899622263212,1.0209764199858906,1
-0.49466281140525,-0.7783163325382864,0
-1.0010251593523702,-0.3622237094506111,0
-1.4235300660226151,-0.7045704862257632,0
-1.0832064595323239,-1.1685034269053387,0
-0.29140526193325517,-0.5625055109276554,0
-0.8616884271961258,-0.9227342686230673,0
-2.0542455854783843,-1.6551212633115653,0
-0.5275036799337803,-0.19786822020702544,0
1.1511075637246064,0.8401641737011667,1
-0.5291007622764528,-1.3307095922963434,0
-3.158266744391234,-2.8374587353252014,0
0.5473912856504393,1.1864779252254387,1
1.2260783161635103,1.1721882951642992,1
-1.9373428359498106,-1.661054057525588,0
-0.9094217347507902,-0.9162719385567624,0
-1.654881235975247,-0.6840140249609905,0
0.15502498387609248,0.45356425966545305,1
-1.9388160645047354,-1.5356584002843596,0
-0.7656000158790629,-0.8539072885489304,0
-0.6097726042329111,-0.07904903467459035,0
-1.514029544705252,-2.052869188147042,0
0.3465912437320278,0.12990141077007936,1
0.6811929666803349,0.7567413483461001,1
1.1279954874539553,1.6112874445025134,1
-1.2570120897442039,-1.3305016299908345,0
-0.5014485080663773,-1.1728349287380664,0
-2.2050711775638447,-1.5506273420449002,0
-0.12054076508017703,-0.20888864633456353,0
-2.8369177513041177,-2.5752351232187856,0
0.42704329850490785,0.28939500385786054,1
0.12471980909477441,-0.010544700270824051,1
-1.541934106870188,-0.8984559150240947,0
0.4921403810336456,-0.1037803242963201,1
-1.0575698662768236,-0.9395279154876102,0
0.37899683075926366,0.9614911150079614,1
0.7862850887019921,1.0153248814677238,1
-1.7553473627145657,-1.2691535823498283,0
0.3842727069538189,0.31619040984197283,1
1.4979245417465519,2.1757860153710618,1
0.2803731354068759,0.010842310514774918,1
-1.2206862243698595,-0.7978808730642823,0
0.3497093106980047,0.7216705049869003,1
1.3996019904841916,1.375852071303044,1
-0.9374324946532352,-0.4796004568061634,0
-1.5392920181486434,-1.2542416084462775,0
-0.784353562781887,-0.5505501440670832,0
-0.12458364979289302,0.18943718104311666,1
2.068564201691614,1.4626506054397572,1
-0.021669176867416016,0.3156999607786151,1
0.2060801556448227,0.2933899802717589,1
-0.7496658277978898,-0.5466760146778212,0
0.45181741920108465,0.7030849762958679,1
-0.8188109151625758,-1.6326123293062742,0
1.453768307966796,0.99866888721888,1
-0.3252551001164815,-0.5556609937245298,0
-0.14931154486879186,-0.20038798281197778,0
0.3571473902420098,0.7162044515631413,1
-0.29157714712163424,-0.7880399676947593,0
0.06970749765845734,0.8272412519099385,1
-0.855321570236052,-1.5586442880388527,0
0.22429886146388747,0.5723026792179345,1
-0.37692275771937495,-0.3751862072987403,0
-0.5073528832405162,-0.0050018689794413375,0
0.3499246468142624,0.032896040164137545,1
0.5791771005281665,1.0269528005613846,1
-0.6210715476256939,-0.45930841394431554,0
-1.000890709024317,-1.0314044583874356,0
0.8636591880645057,0.5454569088494762,1
-1.1174217666209643,-0.5641029583502275,0
-0.8395270642730722,-0.5912689269067648,0
0.9151781060469434,1.0755336968998597,1
0.8598239613686491,0.3745007281097086,1
-0.5385374352059557,-0.679117131022569,0
-0.5620276813191477,-0.914707582937758,0
-0.3937347818153281,-0.46881924987751816,0
-0.340377636892013,0.2664975092958652,0
0.97381439794268,-0.13826159487098616,1
1.8337581695981966,1.195970027987099,1
-1.6309789838710207,-1.7763539125616399,0
-0.7575459841852125,-1.3626224639713178,0
-0.25058045735409723,-0.5882084040957818,0
0.6863730203698918,0.9354492924656087,1
-1.8418286072377599,-2.1351452560546704,0
0.5432602454255905,0.22059460012068174,1
2.57657097409238,1.7430789716478847,1
0.8008794250696705,0.615909427070326,1
0.7250256419534507,0.6553946412507486,1
0.37332048491644093,0.057512923079300476,1
1.251066204815261,1.867214880041099,1
-0.7247407961298133,-0.22096472420453647,0
0.15238595520031278,0.30618684695122805,1
1.5403667643342163,1.8581765986792416,1
-0.8584058542966291,-1.2955386927907189,0
0.3195408489178039,-0.07492900671682103,1
-0.3163660002563294,0.16866139177800368,1
0.3344286973978846,-0.12011321660124406,1
-0.5904759190119038,-0.708035012846311,0
-1.4481902182751107,-1.7506324410586047,0
0.9549030039919988,0.42219975033759854,1
0.13693251193389724,-0.31214885631357314,0
-0.9440302265875306,-1.6267938458287559,0
0.04988705877464694,0.6995285786328782,1
1.1071335182407223,0.7258141218704771,1
2.166212038215432,2.057963131245975,1
1.188905662308811,0.8578440963950411,1
-1.0848428378444754,-0.8536416028704062,0
0.8814973667390674,0.5364131362092722,1
-1.4802327849122507,-1.9773716463349262,0
1.0365703165632298,0.43599852061818345,1
-1.0552993511486535,-0.37344701599970714,0
-0.29144861065392974,-0.30984282522168793,0
-0.1734538987236677,-0.5418886729304672,0
0.997047581060187,0.6925260737995056,1
-0.06898929334446656,-0.26561670461912834,0
-0.3100130784311852,-0.7112571319412676,0
-1.515843392410196,-0.6220988326861691,0
0.299721667894964,0.20044515149684622,1
-0.11705504240781747,-0.8359105985654309,0
-0.2014935388510946,-0.4770360937778813,0
0.8234500813946527,0.24265474646798926,1
0.7937177614571295,1.170822981702361,1
-1.5141209808138774,-2.119859976915513,0
0.27597081900896003,0.3686156447533823,1
1.13574798546351,2.434139440318603,1
0.24045822299079764,-0.3748444017462531,0
0.02461210475859936,0.44059258695838377,1
0.7258465604759609,0.8409519307225518,1
0.8919191003300796,1.2688633138703393,1
0.3127343189667636,0.09382742760895073,1
0.9153722372835732,0.8761642636670136,1
0.9505486938569124,0.9211858988419276,1
-0.639204155342546,0.028846705298739762,0
-1.259443677789219,-1.2690734505687769,0
-1.6022133954625093,-1.913278727982339,0
-0.8620741763454942,-0.9853175715294773,0
-0.10431862256351304,0.3588650876187708,1
0.43460305322824505,-0.2935422626830086,1
-0.23195036783201955,0.3149310159519139,1
1.5487910487054104,1.7922735801302276,1
-1.127582177214813,-0.7546183418350008,0
-0.43994044513088343,-0.809420002047647,0
0.05166745108072534,0.2170238055658176,1
-0.3801326571018201,-0.40690529799622044,0
-1.5658287361529866,-1.7239196850226735,0
-1.8880326919641102,-1.6331160843747712,0
-0.4135110061993041,-1.273107955024427,0
1.1321440774024,1.1269221511980807,1
1.757965778393351,1.1128541080973264,1
1.27079886120262,1.3291422991092008,1
0.2939041199561394,0.670224946642335,1
-2.100539185747231,-1.89848852332574,0
-1.5183074517838848,-1.6813038240610814,0
-0.5442970111270887,0.02294206460240765,0
0.18469960411078584,0.15741149423352022,1
0.6817341280448455,0.9538123615578035,1
0.3548749899903416,-0.4737359131442261,0
-0.16468603844109655,-0.2792237119948914,0
0.7858121932183824,0.9281752936050341,1
0.9244611168391859,0.6607488335527416,1
-0.8781526530769221,-0.2215001668956775,0
0.4477800390029104,0.726355533780293,1
-0.7722909458688595,-0.004055111805869358,0
1.5183986745386613,0.6271296194422087,1
1.575997562610938,1.3489923872184135,1
0.5639238423271908,0.4357774184424243,1
1.3405447854722108,1.3184406319508857,1
-1.517843582438419,-0.6981787336304748,0
-0.025233683221168517,-0.0020315864854709375,1
0.5615175438919128,-0.24213948110867892,1
0.48227511114031685,0.45840710945406427,1
1.0699009721748818,0.613312876820942,1
-1.273951567915208,-1.2006592456555003,0
0.42112129513660207,0.7318011684180977,1
0.5120448674094876,0.29380968617983055,1
-0.25902585088646435,-0.7116740386202512,0
-0.3638388396183067,0.803374920377027,1
-1.2912216324118757,-1.1152913603423462,0
-0.611916804537697,-1.0260810885801364,0
0.23721515190498782,0.5252425298997416,1
1.3523606131228934,1.2270725832156273,1
-0.626440487615915,-0.9924429065761482,0
1.0638793324350657,1.1078087246354145,1
0.863577137870102,0.5977155193756218,1
0.40840491808156015,-0.32874558751144434,1
0.5552506024265322,0.7746740480263992,1
-0.30391521004328265,0.1492255461023439,1
-1.4524073500240662,-0.7504209414023576,0
-0.9726363966147519,-0.08381001935569715,0
-0.775543365610221,-0.6879464150054506,0
1.3208719210126791,0.8374074390523669,1
-0.12791077146384439,0.34640391274849913,1
0.9103148746099589,0.762950085266122,1
-1.9154934696882393,-2.020414068945412,0
0.06370519319641536,-0.47108534696997845,0
-0.37849191421540085,-0.08521645489689532,0
-1.3052836616746275,-1.194446517519154,0
-0.89855333959162,-1.1238865809557383,0
0.1168099511725718,-0.3723098952754972,0
1.21708682505055,1.6645498794945113,1
0.1817691968315419,0.6800090861144913,1
-0.15729745505809778,-0.5526138038209026,0
-0.2040779861775334,0.08113074014195908,0
0.8594732939624736,0.9470580386506344,1
0.5042695061402465,0.5575607447234298,1
-0.545455180965133,-0.47844865873347375,0
-0.8410362653552957,-1.2839425197341539,0
1.5734108149885324,1.289921018443141,1
0.9875299705732913,0.50203886895234,1
0.5315414162870805,-0.6904403307505319,1
-1.9524801841127075,-1.3219907365384616,0
-0.2697223755508957,-0.31052573641585657,0
0.11417290123276749,0.47720637142234423,1
1.6023065493127489,1.606886708776422,1
1.2154430295091199,0.30779736880213254,1
2.1390075727362476,1.9054489731782551,1
-2.150733731350572,-2.5811884470428077,0
0.35820753755427515,-0.02966351256356679,1
-2.0820276568426945,-1.7435073006730766,0
0.4197267691293019,0.9735336738038392,1
-0.7009714110554391,-0.8196430362698998,0
-0.5685507867029856,-0.1728024323295518,0
0.07439947015389392,-0.5726414950475437,0
0.5599842589317798,-0.14135700177313568,1
0.36906853334432993,1.3627037050972186,1
-0.29006509177247464,-0.47686458030145756,0
-1.111281504827157,-1.1280927562272465,0
-0.3778096636721873,0.15321500557862552,0
0.864766509694463,0.15291708312746644,1
-1.524326115354125,-1.0817092895749996,0
-0.8332259878052207,-1.0139331412455699,0
-1.20283264178474,-1.4581481097133335,0
1.3719143357049166,0.8953696178906771,1
0.8545910444110474,1.056721360879843,1
1.3693751733909847,1.1405582834175039,1
0.637011535511807,0.9275706487111623,1
-0.27828201869022146,0.4904855361843634,1
0.16050502723966928,0.33623444618568915,1
-2.2713176007904976,-2.41777899296649,0
0.8113978664654649,0.8411336808595651,1
-1.528201979858031,-1.155724623289661,0
0.2920301693304311,-0.02945870712378522,1
0.1609579110757499,-0.567377063152598,0
-0.36301023281326444,0.00969666926294629,0
-0.877630059531161,-1.304074409530321,0
-0.7664909704753158,-0.25975523168176173,0
1.071933645792225,1.3820610232195094,1
0.5660635650730351,1.0927053780433214,1
0.11672852462847919,-0.0412248009132335,1
0.0894713631799981,-0.452963108754904,0
0.1921890366247633,0.2002084788216957,1
0.09528868498409693,-0.8288462659506757,0
-0.03241285757225547,0.07606450742151594,1
-0.4587755475129771,-0.8741144941109582,0
0.32114914906479647,-0.27794565676436206,1
-0.5403934222661454,-0.5603887348431542,0
-1.5098734425278453,-2.0261249491219244,0
-0.2656623752863501,-0.8860396369957009,0
-1.4443813414242852,-1.1893168493964055,0
0.9848896950891838,0.615178393404256,1
0.4714494915037014,0.3123963745779002,1
0.9193904423332373,0.6596140955149159,1
0.7590877269188901,-0.07434592457968141,1
-0.7346773188618219,0.31486892464818506,0
-0.9026412083379861,-1.208788711900461,0
0.1362132992580776,-0.08188909316134367,1
-0.8027179818818552,-0.06673675581454028,0
-0.4572734127085494,-0.5152863478041193,0
0.642671895411006,0.2589787906662123,1
-0.779136471720737,-0.7945780216470414,0
2.15652471947804,1.320296079455874,1
0.5771510780676047,0.942915759084288,1
0.04683301954920072,-0.008764844032595896,1
-0.0038331404876071873,0.23479994558515585,1
-0.8923015130652716,-1.7857747143243585,0
0.023354016281348453,-0.32929701108976545,0
-1.8678138505559567,-1.3900051810566163,0
1.017614047248615,0.3386148451044083,1
0.35699075595667695,0.21562415704532997,1
-1.3708965860351123,-1.1706204026266245,0
-0.16687761979737525,0.4404508155154232,1
-0.75063936629842,-0.47670485580728783,0
-0.31224443239095606,-0.6535528119352664,0
-0.05486405892724275,0.005713847067562109,1
1.4865215826118792,1.004230579444835,1
0.5354275403161315,0.768707959481597,1
0.10578280886612175,-0.03184808560134097,1
0.5721106413713637,-0.49519285598275453,1
-0.8002929339517498,-0.9985521080061472,0
0.9241671586272505,0.8772469384462854,1
0.7221453165095908,0.21482140154419246,1
0.5301642200402011,0.022800336517482936,1
0.6813893294743807,1.0616903296014877,1
-0.2292547098565646,-0.011194081612561605,0
1.1949824347172864,1.422637490345706,1
0.4303029402813907,-0.13472021293266795,1
-1.5773477040515682,-2.2074787836598047,0
0.30491460426037914,0.5271424516016143,1
-1.2395919768289168,-1.1429210241326628,0
-1.134513762816286,-0.8261066707412258,0
-0.053349916180705524,0.4248745791479491,1
-0.47208548584738963,-0.7077087711467008,0
-0.10310377411115966,-0.03603308333663124,1
-1.482190181038988,-0.8195752857308857,0
-0.2812420845225194,-0.5979343741980984,0
0.36515520128207385,0.4758241459282204,1
-0.50169137745691,-0.5974567454798438,0
-0.6514032006149594,-0.5784814630652764,0
-2.1299081139806453,-1.1204448986656195,0
-1.5368913440939542,-1.5189398715744817,0
1.5781308850829752,0.7187887620111381,1
-0.16301109049955667,0.24412703983233694,1
0.8139704432890518,0.6650247703828168,1
0.801594533653204,1.0921096219508397,1
-0.8381159773648952,-0.422382146758935,0
-0.141643891141913,0.06913134002603033,0
0.30841434439223386,-0.359677687676709,0
-0.03436590960337308,0.26577591950706514,1
0.9634372951709312,0.9473069340814374,1
-0.306773080325285,-0.3789267575206633,0
0.9417063431313271,0.6840881630874402,1
1.1312293933701616,1.370668824311288,1
0.02021278652143696,0.17897831314050303,1
0.3807046642211626,0.7122181635268657,1
0.9166162328202413,1.4492603452859085,1
-0.4732488710885676,-1.0916416737129784,0
1.0192557692154407,1.2425984186677546,1
1.0254700421866503,0.9438274563418401,1
1.3886577498923673,1.0445710943301267,1
-0.10223467209771044,-0.44652229216734657,0
-0.4177126258020236,0.30198459464318217,1
-0.9626314917967681,-0.19418749253143458,0
0.2524356259442051,1.1709512728323708,1
0.2315030790073347,0.7074066722996094,1
-0.8070699442188517,0.04607522308315668,0
0.013760614556992588,-0.04685413967063931,1
0.55052990557772,0.8544144633268972,1
-0.3675602993695999,-0.47569517898864544,0
-0.5018911104315831,-0.2972379180282152,0
0.775170390652982,-0.03875937643186308,1
-1.3229644372918128,-2.2134891223707673,0
-1.2506167077430328,-0.6371571504746188,0
0.07750952408327154,-0.11681944098417339,1
0.010687459778609461,-0.20686096332756806,1
0.9112926808105051,0.05845700552819454,1
-0.8255712326886523,-1.0700811957552867,0
0.1622006101939669,-0.4405275018615236,0
-0.8263807089616393,0.06615529317908227,0
1.3964570560248737,0.9587050369206549,1
0.5906313710063317,-0.12154710079414865,1
0.5041001740538668,0.6292043006464662,1
-0.49837851881264367,-0.37272465549897404,0
0.37908648052393784,0.26480910892036963,1
0.2535858299353421,0.7909171289224672,1
0.2188532008510186,0.3362120379421937,1
-0.7027323279718385,-1.3142858790749665,0
-0.8364773855916721,-1.2626229962537239,0
-0.4143213473144452,-0.0442084240249672,0
1.1199088492522387,0.7919204894760672,1
-0.23927719060471628,-0.4712155017199311,0
1.8203710530546093,2.3211916338337066,1
-0.9279651347079267,-0.4870308104315364,0
0.34058604252514774,0.27272274501979654,1
0.44916988576012434,-0.04566754897107965,1
-0.7121550418373948,-0.4053852988489192,0
-1.3333062880317874,-1.0604320914852567,0
-1.0675653146061144,-1.0346203482598755,0
0.7583203318296524,0.9758409563293927,1
0.9460685521760186,0.22454960160236556,1
-0.06820926468846333,0.19184761367419367,1
0.5292688900978604,0.23010545272820102,1
1.4114355175095985,1.775689462414493,1
-0.6163491715121896,-0.7339438457045951,0
-0.10480402326515485,0.040699266582546904,0
-0.6038847592495834,-0.3823125987426782,0
1.2982573805082034,0.5209000911192485,1
0.16825597972204095,-0.15140988297884286,1
0.21375318853699535,0.014523033676649323,1
0.8899223021844023,0.9112245126823304,1
-0.7049659885599905,-0.44382808735771756,0
-1.3360330854065758,-0.9342456740630901,0
1.1957716473105242,0.7695038344187355,1
0.03448104146013804,0.12372741563980012,1
-0.78709500030613,-1.3645854664837318,0
-0.7794521794763168,-0.6315584196942701,0
-1.3470509342398898,-1.5482002938203,0
0.1328812628611162,0.44192908947740556,1
1.6048406371206365,0.9169242695071244,1
0.6272161076266508,0.5081548942575809,1
-0.3745283296623119,0.020226130999382856,0
1.4985849465929066,0.6492478102819341,1
0.007155597982189429,-0.5897875591908612,0
-0.39483241869216207,0.6932270108032361,1
1.1615841568513599,0.9261842120736258,1
0.4781457774872914,-0.15267968068263568,1
0.9883108975932174,0.9149053833893376,1
-1.1552144055553544,-1.544731437195956,0
-0.09428799264148224,-0.6403020535852952,0
0.8584451342175418,0.5185601803354931,1
1.1361359731378702,0.5887618955678404,1
0.46534571031690114,1.019466087068217,1
0.40008073416341716,0.3889479909445207,1
-0.20994858339420847,-0.643037979460769,0
0.6651843559839498,-0.0023064013944244137,1
1.1059070733374412,1.212847403009104,1
-0.47800777961230784,-0.8916240621719521,0
2.5967724696125662,2.0441241997850503,1
-0.17832898651993312,0.11997107621023313,0
1.3249940892462964,1.2059908795198755,1
-1.5172549615293585,-1.3224724103306176,0
-0.3611557572996605,-0.14039401103382912,0
0.17571552090766862,0.31184501154757205,1
-1.4190137443082333,-1.1854066985050609,0
-0.6945663769304663,0.24716695673255593,0
-0.41206806839230287,-0.3213605969119266,0
-0.2012405196307556,-0.15226748424036188,0
1.887091366978422,1.5016251440304933,1
-0.3701878010523599,-0.80397307621961,0
-0.7785565525277983,-1.109824071022443,0
-0.8269355531099235,-0.9790237536362423,0
-1.1289769970152819,-0.7007692680417548,0
0.7321991849524608,-0.37351510722038395,1
-0.1441407678218558,-0.532082559505468,0
-0.5220348369562291,0.3351667790326096,0
-0.05779867570958723,-0.17564288350987986,0
-1.6608560286339304,-0.7610291830292366,0
-1.0978136091072237,-0.5562957547522436,0
0.7236016142207268,0.5254609167648503,1
-0.9283997089397797,-1.5986847739220043,0
0.16632698113087263,-0.2560833820331071,0
-0.1695187845296964,-0.5564607868246956,0
0.09610654777501276,1.1406508613447937,1
0.03768010581572979,0.454464588329759,1
0.5183251758853238,0.18939702128316616,1
-0.20389276775971815,-0.4918250513389285,0
0.6506771185168155,0.14635281967069322,1
-0.0001808025231012416,0.5249099985169219,1
-0.7133859575797774,-0.9727254048601672,0
-1.7421140210379766,-1.092037639225054,0
-0.6263656243577206,-0.27731360574419955,0
2.0683404817891806,1.596719914739986,1
1.1393514218546437,0.7053119699277058,1
-1.0819504947889829,-1.5169485480392024,0
-1.4528770809793314,-1.1823873223129522,0
-0.17630831829342059,0.03865649247804993,0
-0.8912555701045024,-1.157920167217467,0
-2.085237300964368,-1.9673679062476719,0
-0.20207441350226626,-0.21721776764024822,0
-1.0644575802169345,-1.1421788117120835,0
-0.7150406499023592,-0.18986554214133747,0
1.5949267590652518,0.9987624084427762,1
1.195235173708873,1.1397535639108738,1
0.8490579586900338,0.6566249407744154,1
0.967261154180346,0.4109826331760155,1
-0.6040030250422173,0.42092647704804753,0
1.5432181005524102,1.6746151452234412,1
1.0657819553754257,1.56741844306575,1
-0.047668302780872036,0.051136648105702835,1
0.8502774927363769,0.6415153548864343,1
-0.07896443526791554,-0.18670038369969022,0
-0.19907251467486056,-0.07837091276971077,0
-0.6830792270837664,-0.8215731440842294,0
2.0999708968696473,2.035758341218447,1
-1.0805245467402764,-1.6035682568120144,0
0.5834529671010874,0.05634355888978399,1
-1.4782595919156323,-1.3512661070750658,0
-0.3246832080559893,0.12175471259601649,0
-2.068841298345985,-2.0688868291738234,0
-1.2940738617973881,-0.3191122998334444,0
-1.8445782470331396,-1.3028396002670377,0
-0.030020147297017914,0.17937607122259577,1
1.3282382244830928,1.7966382390066251,1
0.13373358655789394,-0.17370692555715492,1
-2.3369135480804513,-1.988042319022847,0
-0.8387195919379358,-0.22114252860768066,0
0.276652966628283,0.41935177098286314,1
-0.8366124848083863,-1.241312162187764,0
0.18820845934202526,0.060989058547139006,1
-1.2701885757927733,-1.6279364554917874,0
-0.21893080202887844,-0.7112662455560196,0
-0.5699902700222793,-1.3814469817506967,0
-1.1488209746383788,-1.1994580785179614,0
2.0365424001003567,1.4964833914489846,1
-1.4691050645649009,-1.3068864920677663,0
-1.9496129777608613,-1.325699724633755,0
0.7123440039853502,0.4726562473793832,1
-0.34955793937774393,-0.16037296601657278,0
0.97888298694,0.4770635487234534,1
-0.5152119935066838,-0.47682152428809116,0
0.15953311054101055,0.38591443326322744,1
0.42036524416366916,0.580368720040176,1
0.38071713308656324,0.8374794723167398,1
-1.9726171203668608,-2.231560547237937,0
-1.0830578335897596,-0.9108579261022346,0
0.92622663732242,0.7598372123300877,1
-0.48410843208897175,-0.8053685976420548,0
0.8303502024273678,0.7443565094272284,1
0.9195118306767435,0.6702967663505869,1
-0.14186775170349608,-0.4414004496953501,0
0.8043022781903509,0.8528884235480186,1
0.19676224449572577,0.0021127154380593946,1
0.1588183327084679,0.6229938893473225,1
0.7388008412029816,0.6830501669319943,1
1.0766660602650986,0.8644772011465205,1
-0.781493789150278,-1.04872688330426,0
-1.077665205731166,-1.1359239366638956,0
1.9242775786815678,1.3839754671795859,1
0.095326937474367,-0.2500757194548081,1
-1.453247327267718,-1.0031854912469882,0
1.663168540933016,1.6400604056525985,1
1.1020886163696797,0.6388289612687184,1
0.5325081568305629,0.5624508769425014,1
-0.5018778007881469,-0.5184632777091873,0
-0.7855141335010886,-1.354473984371411,0
1.1262082747199036,0.14230821038717195,1
0.6458645452265089,-0.408217227527007,1
-0.41894879906168175,0.2650540106340888,0
0.5893815471587385,1.1056677846399043,1
0.8224640655160937,1.6246233421733545,1
0.0792320249221345,-0.20797378466180894,1
-1.4422881999784347,-1.4695554756405722,0
0.5951561310645352,0.73923738070879,1
-0.26138670884838794,-1.0292443691384456,0
-0.1306509498387953,0.3925705127255684,1
-0.5408116800555782,-0.9624156913871388,0
0.47180126837097525,0.976745793285253,1
-0.9214874130098173,-0.46211714879130794,0
0.4662448106257253,-0.09098400229827153,1
0.057567456187079,0.43807219250486507,1
0.9640700600681238,1.2432454225579146,1
-1.4679567312576056,-1.432987039101261,0
-0.7531708721306024,-1.2844375968716029,0
-1.0955566098325502,-1.2404213834258329,0
-0.6641737118141777,-0.3466986687287923,0
0.5692228856715914,0.49222235250374285,1
-0.7321925604268705,-0.4394162176185573,0
-1.4774294553685725,-1.2093314526794134,0
-0.19813920189838985,-0.45581687623266287,0
0.29231613048911814,0.1499540583464084,1
0.9096239851008747,0.7997200308085641,1
1.3368335342342288,1.73956598689082,1
-0.011140858583755608,-0.6877541151835231,0
-0.5531735928834238,-0.7383461285314075,0
0.6247055832546999,0.5171030223229026,1
-0.23259536488378083,0.5254468018544813,1
-1.2440933753409842,-0.9372755818924023,0
-0.8267569645912148,-1.9354911436264683,0
-0.9052401524816586,-0.7313850696583745,0
-1.3140428585482955,-1.8483496972734128,0
-1.2586152679627842,-1.5436317710127667,0
1.4444371936395393,0.7206843117445989,1
0.035863708507774386,0.043725615159831734,1
0.20241334891768623,0.0659248864777898,1
0.9023304741311088,0.7234452084239376,1
1.6119112182343345,1.8594899339783038,1
-0.7684651603031604,0.38323728623022346,0
0.4588649393571443,0.6248160239142602,1
-0.44162299390841636,-0.12126867330988206,0
-1.0574496360052554,-0.667384855386055,0
-0.3636765504307839,0.2668769439448031,1
-0.6113478084815253,-0.588578120455484,0
-0.36935805607834726,-1.063788953676789,0
-0.7034556346253805,-0.36232925021304824,0
-0.874767059296523,-0.10574652207534892,0
-0.5789635150440724,0.19863098589174838,0
-0.02363311100039117,0.35939447320873,1
-0.5655901294553223,-1.0017465220315636,0
1.5305535334593057,0.8613862605452323,1
0.3966986885139705,0.4999893533168607,1
0.25388429909461446,0.4001352670043707,1
-0.48664508598341405,-0.292275143021452,0
-0.43810521685929127,-0.6630623955494043,0
0.3682890346512477,0.21232861291130145,1
0.8764824407905879,0.5680324076638898,1
0.9036160149202851,0.9409729447109255,1
-0.19190469682381062,-0.06241632537394254,0
-1.3114703455670509,-1.1782845298268694,0
0.5372002366269996,0.27749970519676204,1
0.5785602268492038,0.6399642934930831,1
0.35099852498064826,0.26107135885218513,1
-0.9428054223647964,-0.6759099700010693,0
-0.4252937826205045,-0.4245408896268375,0
0.06239089664507955,0.43483150354203454,1
-0.14989643769254013,-0.44813974948254764,0
1.6859934518889585,0.7983014913168324,1
0.2472773397705734,0.20764275679132804,1
-0.6934164718586308,-0.39575081576362026,0
-0.018118208743046225,-0.06803284034207259,1
0.3035267533915716,0.6619797996268809,1
-0.6259578256579439,-0.41000875793749125,0
-0.37226548973627915,-0.39187485937519145,0
-0.3518332434556189,-0.5376476722120699,0
-0.27414858186033947,-0.29950837601709657,0
-1.518181357731045,-1.0313060560001128,0
-0.10398174126722003,-0.6635235079384684,0
0.04940250602167204,0.011018220371664998,1
0.6186405721005029,1.0278288405523621,1
-1.2739568919461122,-1.120164120648757,0
-0.8926348749188923,-1.2420053475815518,0
-0.4708777796570374,-0.4944779014284918,0
0.05620002428345906,0.1862357441295981,1
0.47371398698032563,0.3402144543488461,1
0.549061252627273,-0.062228213119277134,1
0.01646699274412016,0.19864249182039706,1
0.8357965244066319,0.4233297324907559,1
0.5073385727298568,0.598702434898543,1
0.4080387465043618,0.23618640961477974,1
-0.04255312431442028,-0.059523499872152524,1
-0.1927517664500896,0.25891164951219625,1
-0.49703973468104834,0.27439308050963823,0
-0.7364390296420068,-0.5589773199834959,0
-0.37681903168117037,0.11366644224631615,0
-0.5743276979373726,-0.2587592357542993,0
-1.1130383669035764,-0.8591905393609773,0
0.28331427723672026,-0.5950214481083859,0
0.505327019943203,0.3036965822107369,1
1.0793751149734518,0.6106891078437406,1
0.3279021572340664,1.0446960277694881,1
-1.225698637600241,-0.6518105140183907,0
0.08161555215185701,-0.5810653619017935,0
-0.6786830314255231,-0.409890818175124,0
-0.5328475519309619,-0.7824075236935432,0
0.20444341379232306,0.9238255988806833,1
-0.16583813787154061,-0.6129210969589481,0
-1.060702148745005,-1.3543819159015826,0
1.633112382926572,1.8893298573643542,1
0.568335691527476,0.2663787361857224,1
-0.9739489775990977,-0.6598883858699612,0
-0.5889676716720881,-0.8727685915283435,0
-0.5824807112085052,-0.8824373530298489,0
-0.06871971000879802,0.30035914181192785,1
0.7429412920933256,0.3034288147038158,1
0.6944612638912406,0.49184649125835433,1
-0.008568422880350412,-0.056334747569605284,1
-0.06825970822702007,-0.8845810601581029,0
-0.8275623687372853,-0.7646115915916535,0
-0.35512005959352005,-0.6564919659718866,0
0.06684728679737378,0.7128971842595849,1
-0.5815531972738273,-0.23000061100712488,0
-0.7079671578486961,-1.0088394915729384,0
-0.2822540780719805,-0.13729669972275238,0
-0.06323534552047363,0.9156741592607124,1
-0.30933852123913796,0.40263033952444766,1
0.6372608462244221,1.402685077278461,1
1.366590238527011,1.8751663263754135,1
0.23846291864707816,-0.31380787614974087,1
0.8666140673294523,0.5389704857274814,1
0.4059281033554452,0.07129479889883153,1
-1.385308657339258,-1.6939690914146273,0
0.44539871584794455,-0.4310798593558846,1
0.6787023475989481,1.0125508976981819,1
1.4800236619951646,1.5577656306647574,1
1.9431027239643492,1.9302488930983792,1
-1.0687399374645246,0.01476859734197954,0
-0.351851639451762,-1.115786774900463,0
-0.24500764351992202,0.25426201826309747,1
1.2140667640906386,1.6037485792302741,1
0.40992193708450986,-0.06427049285421431,1
0.4222316590332385,0.19971629582852132,1
-0.15940208760211724,0.7154495362922281,1
1.120966902101976,0.9327547724913959,1
-1.059167326070709,-0.5622139119545992,0
-0.6084523439578685,-0.27506699931379014,0
1.3545990742178717,1.3773309653449584,1
1.2198421076301045,1.0307516768487641,1
