class,age,sex,priors_count,c_charge_degree
0,45,1,0,1
1,80,1,0,1
1,90,1,4,1
0,91,1,1,1
0,71,1,2,1
0,70,1,0,0
1,73,1,14,1
0,71,1,3,1
0,75,0,0,0
1,93,1,1,1
0,87,1,0,1
1,91,1,3,0
0,77,0,0,0
0,73,1,0,1
1,67,0,1,1
1,83,1,7,1
0,77,1,0,0
0,89,1,3,1
1,83,1,6,1
1,83,1,5,1
1,50,1,13,1
1,93,1,1,1
1,87,1,0,0
0,93,0,0,1
1,90,1,1,1
0,71,1,1,0
0,82,1,0,0
1,87,1,8,1
0,78,0,3,1
1,88,1,5,1
1,81,1,0,1
1,84,1,9,1
1,82,1,4,1
0,59,1,0,1
1,65,1,7,1
0,88,1,6,0
1,81,0,4,0
1,90,1,1,0
1,80,1,21,1
0,85,1,0,0
0,93,0,2,1
0,63,1,2,0
1,85,1,2,0
0,63,0,7,1
1,85,1,0,1
1,89,1,9,0
1,79,1,13,1
0,65,1,0,0
1,80,1,4,0
0,85,1,0,1
1,85,1,1,1
0,86,0,0,1
1,66,1,20,1
0,51,0,1,1
0,83,1,15,1
1,90,1,2,1
0,84,1,0,0
0,65,1,4,0
0,61,1,8,1
0,79,1,5,1
1,51,1,10,0
1,87,1,15,1
1,76,1,4,0
1,92,1,1,1
1,92,1,2,1
1,85,1,4,1
0,52,1,0,0
1,87,1,6,1
0,81,1,0,0
0,58,0,0,0
1,69,1,6,1
0,92,1,1,1
0,75,1,1,0
1,85,1,5,1
1,87,1,1,1
0,74,1,2,1
1,92,1,1,0
0,92,1,0,1
1,88,0,1,1
1,87,1,1,1
0,82,1,0,1
0,73,1,1,0
1,84,1,8,0
1,64,1,0,1
1,89,1,14,1
1,94,1,0,1
1,92,1,2,1
1,91,1,2,0
0,79,0,1,0
1,78,1,9,1
1,88,1,7,1
1,93,1,1,1
1,89,1,9,1
0,43,1,12,0
0,94,0,0,1
1,75,1,2,1
0,48,1,3,1
0,60,0,0,0
0,70,0,0,0
1,95,1,1,0
0,90,1,1,1
0,84,1,1,1
1,75,0,0,1
1,90,1,8,1
0,84,1,0,1
0,83,1,0,0
0,75,0,1,1
1,55,1,14,1
0,71,1,1,1
1,93,1,3,1
1,76,1,5,0
0,80,1,0,1
1,81,1,5,1
0,77,1,3,1
1,72,1,1,1
1,73,1,10,1
1,92,1,0,1
1,81,1,28,1
0,83,1,1,0
0,84,0,1,1
1,83,1,13,1
1,87,1,3,1
0,58,1,8,1
0,62,1,3,0
1,81,1,19,1
0,50,0,2,0
1,92,1,4,1
0,72,1,6,1
0,89,0,2,1
0,84,1,1,0
0,86,1,2,1
0,77,0,2,0
1,86,1,0,0
0,90,0,0,0
1,85,0,10,1
1,70,1,2,0
1,84,0,4,1
1,82,1,3,1
1,83,1,2,0
0,83,1,1,0
1,55,1,1,1
0,69,0,4,1
0,94,0,1,1
0,71,0,0,0
1,76,1,9,1
1,82,1,11,1
1,81,1,8,0
1,83,0,0,1
1,81,0,7,1
1,87,1,2,1
0,94,0,0,1
0,88,0,0,0
1,53,0,1,1
1,62,1,13,1
0,51,1,1,1
1,82,0,4,1
0,85,1,1,1
0,68,0,1,1
1,88,0,2,0
0,59,1,3,0
0,75,1,1,0
1,84,0,3,1
0,84,1,1,1
0,66,1,2,0
0,92,1,1,1
1,68,1,6,1
0,65,0,6,1
0,83,1,0,1
1,89,1,1,0
0,91,1,0,1
0,82,0,5,1
0,62,1,2,0
0,52,1,8,1
0,77,0,6,1
0,59,1,1,1
1,83,1,8,1
1,86,1,6,0
0,60,1,2,1
0,56,1,0,1
1,36,1,1,0
0,58,1,0,1
0,90,1,0,1
1,76,1,22,1
1,92,1,1,1
1,67,1,23,0
1,91,1,0,0
0,57,1,1,1
1,76,0,2,1
0,48,1,3,1
1,69,1,8,0
1,62,0,0,0
1,82,1,13,1
1,77,1,2,0
1,75,1,0,1
1,88,1,9,1
0,69,1,2,1
1,91,1,0,1
0,80,1,2,0
0,91,0,1,0
1,78,1,2,0
0,64,1,1,1
0,77,0,0,0
0,70,1,4,0
1,79,0,23,1
1,90,1,5,1
1,88,1,2,1
0,87,1,0,0
0,86,0,0,1
1,71,1,11,1
1,86,0,7,1
0,76,1,2,1
0,87,1,2,0
0,86,0,1,1
1,58,1,7,1
0,76,1,15,1
0,86,1,2,0
0,69,1,3,1
0,86,1,0,0
0,53,1,1,1
1,63,0,0,0
0,63,1,0,0
1,78,1,1,0
0,66,1,0,1
1,77,1,4,1
0,84,0,2,1
0,73,0,5,0
1,87,1,11,1
0,77,1,0,0
1,81,1,4,1
0,60,1,11,1
0,91,1,2,1
1,88,0,2,1
0,73,1,0,0
0,62,1,0,1
1,71,1,13,1
0,62,1,0,1
0,86,1,1,1
1,84,1,11,0
0,86,1,1,1
0,92,1,0,1
0,84,1,4,1
0,89,1,4,1
1,83,1,0,1
1,77,1,0,1
0,82,1,14,1
0,88,1,4,0
0,61,1,1,0
1,86,1,25,1
1,70,1,8,0
0,89,1,0,1
1,92,1,1,0
0,77,0,0,0
0,74,0,3,1
1,78,1,8,1
0,84,1,4,1
1,92,1,3,0
1,90,0,1,0
1,87,1,3,0
0,83,0,0,0
1,91,1,1,1
1,91,0,5,1
0,90,1,0,0
0,85,1,1,0
1,94,1,1,1
1,84,1,2,1
0,75,1,0,1
0,87,1,4,1
0,83,1,2,0
0,77,0,2,1
0,94,1,0,1
0,92,1,0,1
0,62,0,0,1
1,91,0,0,1
0,66,0,0,1
1,48,1,8,1
0,89,1,0,1
1,87,1,0,1
1,84,1,11,1
1,92,1,3,0
0,92,0,1,1
0,79,1,2,1
0,82,1,2,1
0,73,0,2,0
0,89,0,0,1
0,70,1,24,0
1,62,1,3,1
0,71,1,0,1
0,77,1,3,1
1,86,1,3,0
0,44,1,1,0
1,60,1,6,1
0,68,1,3,1
1,93,1,0,0
1,88,1,1,0
1,76,1,3,1
0,80,1,5,0
1,95,1,1,1
0,80,1,5,0
1,91,1,0,1
1,80,1,5,1
0,84,1,2,1
1,75,1,6,1
0,90,1,0,1
1,81,1,1,0
0,56,1,2,1
0,93,0,0,0
0,93,1,1,1
1,91,1,4,0
0,52,1,0,1
1,87,1,4,0
0,77,1,5,1
1,71,1,2,1
0,82,0,5,1
0,91,1,0,1
0,87,1,0,0
1,70,1,0,0
1,86,1,3,0
0,72,0,0,1
1,90,1,9,1
0,87,1,0,1
1,94,1,0,1
0,63,0,0,0
0,58,1,0,0
0,85,1,7,1
1,94,1,0,1
0,61,1,6,1
0,87,1,8,1
1,90,1,2,1
1,61,1,36,1
1,86,1,2,0
0,69,1,1,1
0,93,1,3,1
0,78,0,0,1
1,89,0,2,0
0,91,0,1,0
0,86,1,1,1
1,93,0,0,1
0,78,1,0,0
0,90,1,0,1
1,86,1,3,1
1,84,1,1,1
0,85,1,0,1
0,84,0,0,0
0,63,1,1,0
0,81,1,3,1
0,89,0,2,1
1,82,1,12,1
0,91,1,1,1
0,67,1,3,1
1,82,0,1,1
0,77,1,0,1
1,95,1,2,1
0,87,1,0,0
0,75,1,0,0
0,93,0,0,1
0,45,1,0,0
0,93,1,2,1
1,88,1,6,0
0,92,1,0,1
1,91,0,0,1
0,65,1,3,1
0,85,1,2,0
0,54,0,0,0
0,88,0,0,0
1,91,1,3,1
1,80,1,2,0
0,94,0,1,1
0,78,1,1,1
0,84,1,0,1
0,93,1,1,1
1,92,1,2,0
0,57,1,18,1
1,93,1,4,1
1,93,1,0,1
0,80,1,1,0
1,64,0,1,0
1,74,1,0,1
1,89,1,7,1
0,61,0,1,0
0,90,0,0,1
0,72,1,1,1
0,86,1,1,0
0,90,1,1,0
1,88,1,6,1
1,92,1,4,1
0,93,1,3,0
1,77,1,23,1
0,79,1,2,1
0,61,1,2,1
0,54,1,1,1
0,85,1,7,1
1,66,1,23,1
0,62,0,0,0
1,87,1,12,1
0,86,1,5,1
0,81,1,3,0
0,86,0,0,1
1,67,1,5,1
1,78,1,14,1
0,85,1,2,1
1,92,1,0,0
0,88,1,6,1
0,89,1,0,1
0,46,1,2,1
0,58,1,5,1
1,87,1,9,1
1,62,1,4,1
0,82,1,3,1
0,54,1,4,1
0,91,1,1,0
0,75,0,0,0
0,58,1,0,0
0,92,0,0,1
1,87,0,1,1
0,61,1,11,1
1,89,1,0,0
0,93,1,0,0
0,92,1,0,1
0,56,0,2,0
1,83,1,7,0
1,92,1,1,1
1,86,1,8,1
0,72,1,1,1
1,94,1,0,1
1,85,1,0,0
0,85,1,8,1
1,56,1,21,0
0,92,1,3,1
1,66,1,1,0
0,77,1,0,1
1,57,1,1,1
0,87,1,3,0
0,88,1,3,1
1,90,1,3,1
0,81,1,0,1
0,85,1,2,1
1,90,0,3,1
1,95,1,1,1
0,78,1,2,0
0,90,0,0,1
0,80,1,0,0
1,89,1,2,1
1,94,1,1,1
1,86,1,2,0
1,90,1,1,0
0,53,1,4,1
0,64,0,3,1
0,84,1,1,0
0,76,1,5,1
0,90,1,0,0
0,69,1,16,1
1,68,0,2,1
1,73,1,0,0
1,94,1,0,1
1,87,1,13,0
0,63,0,16,1
1,88,1,1,0
1,85,1,3,1
1,62,1,6,1
1,86,1,1,1
1,80,0,4,1
1,59,1,5,1
1,88,1,10,1
0,86,1,5,1
0,51,1,2,1
0,72,1,0,1
0,91,1,6,1
1,60,1,28,1
1,79,1,8,1
1,90,0,6,1
0,60,1,2,0
1,56,1,12,0
1,91,1,1,0
0,79,1,1,0
1,94,1,1,1
0,63,1,0,1
0,90,1,0,1
0,77,1,3,1
0,67,1,3,1
1,80,1,4,1
0,58,1,0,1
1,80,1,4,1
1,55,1,1,1
0,79,1,0,1
0,56,1,1,1
0,85,1,2,0
1,90,0,6,1
1,93,1,2,0
0,88,1,2,0
1,64,1,5,1
0,88,1,1,1
0,84,0,0,0
1,85,1,6,1
1,85,1,0,0
0,60,1,0,0
1,85,1,4,1
0,55,0,0,0
0,76,1,0,1
1,92,0,2,1
1,85,1,4,1
1,87,1,1,0
1,88,1,7,1
0,62,1,20,1
1,48,1,33,1
0,87,1,2,1
0,63,1,1,0
0,79,1,1,1
0,88,1,1,1
0,62,1,4,0
0,79,0,12,0
0,66,1,12,1
0,88,0,0,0
0,66,0,0,0
0,84,1,7,0
0,86,1,2,0
0,81,1,2,0
0,80,0,6,1
0,89,1,0,0
1,55,1,10,1
1,85,1,5,1
0,90,1,0,1
1,66,1,1,1
1,59,1,0,0
0,62,1,4,0
1,94,1,0,1
1,89,1,4,1
0,90,1,0,1
0,91,1,0,0
0,87,1,6,1
1,89,1,1,0
0,83,1,0,1
1,89,1,6,1
1,82,1,1,1
1,93,1,0,1
0,77,1,1,1
0,89,1,0,1
0,82,1,20,1
0,79,1,0,1
1,72,1,14,1
1,90,1,9,0
1,92,1,6,1
1,93,1,0,1
0,67,1,1,0
1,87,1,5,1
1,71,1,2,0
1,68,1,2,1
0,70,1,1,0
0,87,1,0,1
0,91,1,2,1
0,64,0,1,1
0,72,1,8,1
0,56,1,6,1
0,88,1,3,1
0,66,0,0,1
1,75,1,3,1
1,93,1,3,1
0,51,1,1,0
1,92,1,3,1
0,64,1,3,0
0,76,1,0,1
0,73,1,1,1
1,86,1,16,1
0,84,0,0,0
0,91,1,1,1
1,89,1,2,1
0,74,1,5,1
0,90,1,8,1
1,87,1,5,0
0,70,1,11,0
1,79,0,6,1
0,72,1,0,0
0,76,1,15,1
0,88,1,4,1
0,89,0,0,0
0,90,1,1,1
0,50,1,1,1
1,65,0,2,0
1,64,1,5,1
1,86,1,8,1
1,48,1,0,0
0,68,0,0,0
1,84,1,5,1
0,92,0,0,0
0,91,1,1,0
1,84,1,0,0
1,90,1,10,1
0,83,1,0,0
0,83,1,1,1
1,93,1,4,1
0,86,1,4,1
0,89,1,0,0
0,93,0,0,1
0,87,1,0,0
1,94,1,0,0
0,82,1,1,1
0,90,0,0,1
0,94,1,1,1
1,83,1,3,0
1,87,1,3,0
1,55,1,17,1
0,74,1,0,1
1,92,1,11,1
0,76,0,1,1
1,78,1,1,0
0,84,1,1,0
1,87,1,6,1
0,71,1,1,0
0,55,0,0,0
0,77,1,2,0
1,86,1,5,0
0,76,1,0,1
1,92,1,0,1
0,71,1,1,0
1,89,1,4,1
0,63,1,0,0
1,84,1,6,1
1,85,1,2,0
0,86,1,10,1
0,88,1,6,0
1,59,1,9,0
0,91,0,3,1
0,92,0,0,0
1,95,0,2,1
0,83,1,1,0
0,85,1,0,0
1,53,1,15,1
1,90,1,4,1
0,83,1,0,0
1,94,1,4,1
1,88,1,3,1
0,87,1,5,0
0,89,1,1,1
1,91,1,3,1
0,76,1,0,1
1,87,1,18,1
1,79,0,0,1
0,92,1,0,1
1,56,0,4,1
1,57,0,0,0
0,93,1,0,1
0,92,0,0,1
0,84,1,0,1
1,90,1,1,1
1,92,1,2,1
1,85,1,3,1
1,84,1,8,1
0,83,0,10,1
0,69,0,1,1
0,91,1,4,1
1,75,1,2,1
1,83,1,0,1
1,92,1,1,1
1,87,0,9,1
1,87,1,13,1
1,76,1,1,1
1,83,1,23,1
0,67,1,20,1
0,92,1,3,1
1,79,1,1,0
1,91,1,2,0
1,49,1,2,0
0,79,1,0,0
0,81,0,0,1
0,61,1,1,0
0,62,1,0,1
0,93,1,0,1
0,77,1,11,1
1,84,1,4,0
0,81,1,5,1
0,83,1,2,0
0,60,1,0,1
0,83,0,0,0
0,55,0,2,1
0,87,1,0,0
1,78,1,0,0
1,68,1,17,1
0,92,1,3,1
0,86,0,0,0
1,80,0,15,1
1,85,1,7,1
1,91,1,2,0
0,87,1,3,1
1,93,1,0,1
1,66,1,3,1
1,84,1,15,1
0,82,0,2,1
0,83,1,5,1
0,78,1,4,0
0,78,1,1,0
1,70,1,14,1
0,61,1,2,1
1,81,1,3,0
0,93,1,2,1
1,81,1,4,1
1,67,1,2,1
1,57,1,20,1
0,86,1,2,0
0,90,1,1,0
0,70,1,1,1
0,68,1,0,1
0,77,1,6,1
1,88,1,10,0
1,87,1,10,1
0,74,1,1,1
1,54,0,9,1
0,61,1,1,1
0,88,1,8,1
0,86,1,0,1
0,91,1,0,0
0,68,0,2,1
1,91,1,0,1
1,77,1,5,1
0,70,1,1,0
1,64,1,18,1
0,69,1,0,0
0,92,1,1,1
1,88,1,1,1
0,52,1,0,1
1,80,1,0,0
0,90,1,1,1
0,93,1,0,0
1,89,1,0,1
0,46,1,0,0
0,73,1,2,0
0,93,1,1,1
0,77,0,1,1
0,92,1,0,1
1,76,1,11,1
0,72,1,1,1
1,92,1,1,1
1,69,1,0,1
1,78,0,4,1
0,66,1,2,1
0,69,0,1,1
1,91,1,6,1
0,90,1,0,1
0,85,1,0,1
0,90,1,0,1
0,64,1,11,1
1,80,1,10,1
0,91,1,0,1
0,92,0,0,0
0,78,1,0,1
1,84,1,22,1
1,93,1,0,1
0,61,0,0,1
0,90,1,1,1
1,89,1,7,0
0,89,0,1,0
0,43,1,8,1
0,75,1,10,0
0,77,0,0,1
1,94,1,0,1
0,85,0,3,1
1,92,1,2,1
1,88,1,4,1
0,79,1,5,1
1,67,0,19,1
1,93,1,1,1
0,91,0,0,0
1,94,0,1,1
0,91,0,0,1
0,87,1,3,0
1,59,1,18,1
0,61,0,0,1
0,91,0,0,1
1,88,1,5,1
0,89,1,6,1
0,91,1,2,0
1,87,1,4,1
0,88,1,2,0
0,85,1,1,0
1,87,1,1,1
0,86,1,0,1
0,83,1,0,0
1,73,1,8,1
0,89,1,0,0
0,67,1,0,0
0,77,1,4,1
0,79,0,4,1
1,90,1,1,0
1,93,1,2,1
1,92,1,0,1
0,57,1,11,1
0,66,1,0,1
0,78,1,0,1
0,77,0,3,1
0,83,1,0,0
1,92,1,1,1
0,83,1,2,0
1,90,1,0,1
1,82,1,22,1
0,91,0,0,0
0,51,1,0,0
0,84,1,0,1
1,88,1,2,1
0,66,1,2,0
0,94,1,0,1
1,90,0,1,0
0,78,0,1,0
0,31,1,0,0
0,86,1,2,1
1,78,1,3,1
0,81,0,0,0
0,75,1,0,1
0,85,1,3,0
1,84,1,17,1
1,95,0,1,0
1,90,1,1,1
0,78,1,11,1
0,85,0,1,1
0,79,1,7,1
0,90,1,0,1
0,88,1,0,0
0,88,1,8,1
0,62,1,7,0
1,86,1,14,1
0,82,1,0,0
1,82,0,1,0
1,81,1,5,0
0,85,1,16,1
1,80,1,1,0
1,77,0,0,0
0,71,1,0,0
0,67,1,2,1
1,89,1,3,0
0,91,0,1,1
0,75,1,2,0
1,79,1,13,1
0,81,1,0,1
1,93,1,0,1
0,71,1,20,1
1,89,1,3,1
1,66,1,25,1
1,92,1,1,0
1,62,1,9,0
1,88,1,5,1
1,47,1,4,0
0,80,1,4,0
0,58,1,4,0
1,86,1,1,1
0,85,1,2,0
1,90,0,0,0
1,77,1,6,1
0,71,1,3,1
0,63,1,0,1
1,94,1,1,0
1,88,1,4,0
1,75,0,1,0
0,93,1,1,1
1,93,1,1,1
1,90,1,3,1
1,88,1,4,0
0,66,1,1,1
1,90,1,5,1
0,88,1,0,1
0,68,1,0,1
0,84,0,1,0
0,90,1,7,0
0,93,0,0,0
1,90,1,1,1
0,84,1,1,1
0,78,1,9,0
1,84,1,5,1
0,92,0,1,1
1,89,1,0,1
1,83,1,25,0
0,90,1,0,1
1,75,1,13,1
0,68,1,0,1
1,66,1,5,0
0,84,0,4,1
0,74,1,0,1
0,62,0,0,1
0,91,1,3,1
0,88,0,1,0
1,92,1,1,1
0,72,1,3,1
1,91,1,6,1
1,81,1,4,1
0,86,1,1,1
0,77,0,4,0
0,64,1,1,1
1,76,1,25,0
0,82,1,1,1
1,90,1,3,1
0,63,1,3,1
1,95,1,1,0
0,82,1,4,1
1,83,0,1,1
0,85,0,1,1
0,71,1,0,0
1,88,1,9,1
1,87,1,0,1
1,62,1,1,1
0,87,1,1,0
0,57,0,1,0
1,86,1,3,0
1,82,1,3,1
1,87,1,5,0
1,69,1,0,0
0,72,0,0,0
1,81,1,0,1
0,88,1,4,0
0,86,0,3,0
0,61,0,0,0
0,90,1,0,1
0,86,1,1,1
0,86,1,1,1
1,75,1,6,0
1,92,1,1,1
1,68,1,2,1
0,89,1,0,0
0,62,1,1,1
1,86,1,4,0
1,57,0,1,1
1,65,1,3,1
1,93,1,2,1
1,82,1,19,1
0,51,1,3,0
0,85,1,2,1
0,68,1,0,0
1,91,1,5,1
1,86,1,10,0
0,87,1,1,1
0,45,0,0,0
0,67,1,0,0
0,69,1,1,1
0,81,0,1,0
1,87,0,0,0
1,67,1,4,1
1,82,1,14,1
0,90,1,2,1
1,88,1,5,1
0,67,1,0,0
0,89,1,1,1
0,93,1,1,1
1,89,1,2,0
1,92,1,6,1
0,88,0,0,1
0,94,1,0,1
1,84,1,1,0
1,69,1,0,1
1,81,1,7,1
0,79,1,2,1
0,73,1,5,1
0,91,1,0,0
1,93,0,0,0
0,60,1,0,1
1,87,1,10,1
0,92,1,0,0
1,93,0,0,0
1,91,1,2,1
0,84,1,1,0
1,78,1,5,0
1,90,0,2,1
1,85,1,10,1
1,60,1,4,0
1,92,1,2,0
0,76,1,2,1
1,88,1,0,0
0,94,0,0,1
0,58,1,0,0
1,62,1,6,0
0,85,1,0,1
0,91,0,6,0
0,79,1,1,0
1,82,1,8,1
1,93,1,1,0
0,89,1,0,1
1,82,1,5,0
1,84,1,4,0
0,84,0,3,1
1,91,1,2,1
0,82,1,8,1
0,62,1,1,1
1,85,1,6,1
0,72,1,0,0
1,93,1,0,1
1,78,0,4,1
0,92,0,0,0
0,69,1,2,1
0,85,1,0,0
0,60,1,2,0
1,84,1,6,1
0,63,1,17,0
1,69,1,20,1
1,87,1,3,1
1,90,1,1,1
0,90,1,2,1
0,91,1,2,0
0,72,0,2,0
0,78,1,5,1
1,76,0,8,0
0,45,1,0,0
1,93,1,1,1
0,55,1,1,0
0,75,1,1,1
0,85,1,2,1
1,92,1,1,0
0,86,1,1,1
0,70,1,6,1
0,89,1,2,1
0,83,1,0,1
1,79,1,17,0
1,87,1,11,0
0,81,1,1,1
1,86,1,6,1
1,94,1,1,1
0,54,1,1,1
0,61,1,0,0
1,63,1,0,1
0,89,1,1,1
1,87,1,5,1
0,60,0,0,1
0,88,0,3,0
0,90,1,3,0
1,59,1,1,1
0,88,1,0,1
0,39,0,5,1
1,78,1,16,1
0,58,1,8,1
1,80,1,0,1
1,89,0,5,0
0,68,1,0,1
0,87,1,1,1
0,90,1,1,0
1,86,1,3,0
1,72,1,13,0
0,55,1,2,0
0,75,1,1,1
0,68,1,5,0
0,89,1,1,1
0,59,1,2,1
1,79,1,1,0
1,71,1,0,0
0,61,0,0,0
0,93,0,0,0
1,59,1,17,1
1,87,1,1,1
0,74,1,0,1
0,77,0,0,0
1,82,1,2,0
0,82,1,2,0
1,78,1,4,0
0,92,1,0,0
0,83,0,0,1
1,88,0,4,1
1,64,0,30,0
0,67,1,4,1
0,78,1,2,1
0,76,0,0,1
0,79,1,0,1
0,61,1,0,1
0,61,1,2,1
0,57,1,19,1
1,92,1,5,1
1,93,1,0,1
1,88,1,0,1
0,90,0,1,1
0,87,1,2,1
0,65,0,4,1
1,67,1,1,1
1,84,1,8,1
0,70,1,3,1
0,80,1,1,1
1,69,1,10,1
0,76,1,0,1
0,64,1,2,0
0,85,1,1,0
0,88,1,0,1
0,70,1,2,0
1,92,0,1,1
0,67,1,0,0
0,65,1,0,1
1,65,1,1,1
0,55,1,2,1
0,82,1,6,0
1,90,1,1,0
0,74,1,0,0
0,82,1,0,1
0,60,0,0,0
1,87,1,9,1
0,74,0,1,0
0,89,1,2,0
0,80,1,1,0
1,52,0,2,1
1,94,1,0,0
0,77,1,18,0
1,84,0,5,1
1,91,1,1,1
0,94,0,0,1
1,85,1,7,0
0,90,1,1,1
0,60,0,1,0
0,48,1,3,1
0,64,1,8,1
0,64,1,7,1
0,74,1,3,1
1,84,0,4,0
0,90,0,2,1
1,90,1,0,1
1,91,0,3,1
1,90,1,4,0
1,60,1,3,0
0,89,1,4,0
0,68,1,1,0
0,79,0,10,1
0,89,1,1,1
0,92,0,0,0
0,82,0,1,1
1,89,1,0,0
1,92,1,3,1
1,81,1,16,1
1,65,0,0,0
0,84,1,10,1
1,81,1,4,0
0,90,1,0,1
1,81,1,12,0
0,77,1,0,0
0,74,0,0,0
0,87,1,1,1
1,71,1,9,1
0,88,1,11,1
1,79,1,5,1
1,89,1,11,1
1,53,1,1,1
1,61,1,1,1
0,87,0,0,1
0,62,0,1,1
1,88,1,7,0
1,75,1,1,0
0,67,1,5,1
0,64,1,1,1
0,62,0,6,0
0,73,0,0,0
0,77,1,0,0
0,90,0,0,1
0,80,0,14,1
1,90,1,5,1
1,94,1,0,0
1,89,1,1,0
0,83,1,3,0
0,52,0,0,0
1,91,1,0,1
0,54,0,0,1
0,79,1,0,0
0,90,0,0,1
1,58,0,1,1
0,84,1,0,0
1,73,1,17,0
1,79,1,4,1
0,86,0,0,0
0,91,1,1,0
0,58,1,0,1
1,91,1,2,1
1,94,1,0,1
0,77,1,4,1
0,91,1,1,0
1,93,1,0,1
0,93,0,3,1
0,79,0,2,1
0,81,1,3,0
0,93,1,0,1
0,73,1,9,0
0,90,1,0,1
1,94,1,2,1
1,86,1,9,1
0,89,1,7,1
0,65,1,3,1
0,92,0,0,1
1,93,1,0,1
1,87,0,3,1
1,82,1,4,1
0,64,1,4,0
0,91,0,0,0
0,80,1,0,0
0,79,1,1,0
1,89,1,4,1
1,81,0,2,1
1,89,1,1,0
0,84,1,0,0
0,72,1,0,0
1,85,0,11,1
1,82,0,6,1
0,90,1,5,1
0,62,1,3,1
0,88,0,3,0
1,83,1,2,1
0,76,1,0,1
0,67,1,2,0
0,89,1,5,1
0,84,0,0,1
1,94,1,0,0
0,85,0,2,1
0,90,1,0,1
0,83,1,0,1
0,60,0,12,1
0,77,0,1,0
1,71,1,0,0
1,65,1,8,1
0,81,0,1,1
0,94,1,1,1
0,72,1,0,0
1,70,1,0,1
1,86,1,5,1
1,82,1,4,1
1,86,1,7,1
0,76,1,0,1
0,76,1,3,1
0,93,1,1,1
0,80,0,0,0
1,93,1,1,1
1,78,1,1,1
1,85,1,0,0
1,80,1,3,1
0,76,1,1,0
0,78,1,0,1
0,82,1,0,0
0,91,1,0,0
0,67,1,0,0
0,94,1,0,1
1,89,0,2,1
0,79,1,0,0
0,84,0,1,1
0,86,0,1,0
1,84,1,2,0
0,69,0,3,0
1,90,1,2,0
0,92,1,0,1
1,94,1,8,1
1,72,0,0,0
1,90,1,8,1
0,74,1,0,0
0,87,1,1,1
0,54,1,12,1
0,81,1,6,0
1,80,1,2,0
0,90,1,4,0
1,87,1,0,0
1,85,1,4,1
1,93,1,1,1
0,82,1,0,0
1,84,1,10,1
1,72,0,0,1
0,82,1,1,1
0,87,1,0,1
0,84,1,3,0
1,92,1,1,1
1,94,1,0,0
0,57,1,0,0
1,63,1,3,1
0,93,1,0,1
0,92,1,0,1
1,79,1,4,1
0,60,0,1,1
0,56,1,2,1
1,82,0,0,1
1,75,0,22,1
1,84,1,9,0
1,94,1,0,1
0,74,1,0,0
0,69,0,5,0
1,83,1,4,1
0,91,1,4,1
1,88,1,0,0
0,61,0,1,0
0,70,1,0,0
0,70,0,1,0
1,93,1,0,1
0,86,1,0,0
0,86,1,2,0
1,90,1,0,1
0,86,1,0,1
0,61,1,4,1
0,67,1,1,1
0,94,1,1,1
0,93,1,0,0
1,84,1,1,1
1,77,1,1,0
0,54,1,1,1
1,88,1,1,0
0,84,1,0,0
1,88,1,2,1
1,88,0,5,1
0,93,1,0,1
0,75,0,1,1
0,84,1,0,1
0,70,1,2,1
0,69,1,0,0
0,84,1,1,1
0,76,1,2,1
1,91,1,6,1
0,77,1,1,1
0,68,1,0,0
0,72,1,0,1
1,94,0,0,1
0,49,1,2,0
0,60,1,4,0
1,67,1,7,1
1,75,1,5,1
1,88,1,0,1
1,85,1,7,0
1,63,1,7,1
0,70,1,0,0
0,65,1,12,0
1,92,1,0,1
1,82,1,4,0
0,87,1,0,0
0,84,1,0,0
1,92,1,6,1
1,94,1,2,1
0,86,1,11,0
0,69,1,0,0
0,63,0,5,1
1,87,1,4,1
1,82,1,0,1
0,71,1,2,1
0,51,0,1,1
0,77,1,2,1
1,88,1,0,1
1,82,1,17,1
0,88,1,0,0
0,82,1,4,1
0,75,1,3,1
0,56,0,4,1
0,81,1,0,0
0,92,0,1,0
1,88,1,6,0
1,93,1,2,1
1,85,0,1,1
1,83,1,0,1
0,71,1,2,1
0,91,1,0,0
0,89,1,0,1
0,92,1,6,1
0,84,1,6,1
1,89,1,15,1
1,94,1,0,1
0,75,1,0,1
1,83,1,3,1
1,81,1,1,1
0,55,1,1,1
0,93,1,1,1
1,61,1,8,1
0,80,1,2,0
0,78,1,6,1
0,91,1,0,1
0,82,1,2,0
1,82,1,11,0
0,48,0,1,0
0,48,1,0,0
0,90,0,0,0
1,84,1,7,1
0,86,1,1,0
1,71,1,4,1
0,79,1,3,0
1,95,1,2,1
1,81,1,0,1
1,92,1,1,0
0,85,1,0,1
0,91,0,0,0
0,52,1,15,1
0,81,0,0,0
0,79,1,1,0
0,61,1,0,1
1,55,1,17,1
0,66,0,0,0
0,81,0,1,1
0,70,1,0,0
1,83,1,10,1
1,86,1,2,1
0,58,1,9,1
0,63,1,1,1
1,91,1,0,1
0,93,1,0,1
0,88,1,0,1
0,92,1,3,1
0,85,1,0,0
1,94,1,2,1
0,70,1,0,0
0,73,1,2,1
0,86,0,4,1
1,87,1,1,0
0,83,1,7,0
1,91,1,5,1
1,81,1,16,0
1,88,1,3,1
0,94,1,0,1
1,59,1,2,0
0,78,1,0,1
1,66,1,4,1
1,92,1,5,1
0,91,1,1,0
1,80,1,19,1
0,55,0,1,1
1,77,1,0,1
1,86,0,0,1
1,94,1,1,1
0,83,1,0,1
1,76,0,14,1
1,81,1,0,1
1,87,1,3,1
1,89,1,2,0
0,72,0,2,1
1,92,1,3,1
0,93,1,0,1
0,57,1,15,1
1,69,1,1,1
1,93,0,1,0
0,62,1,2,0
0,85,1,0,0
0,77,0,0,0
0,80,1,0,1
1,61,1,0,0
1,84,0,8,1
0,79,1,0,0
0,86,1,1,1
0,93,1,1,1
0,92,1,1,1
1,72,1,1,0
1,88,1,3,1
0,60,1,9,0
1,75,1,1,1
1,84,1,20,1
1,88,0,1,1
0,73,1,0,0
1,91,1,5,0
1,71,1,1,1
1,92,1,0,0
0,72,1,3,0
1,87,0,6,1
0,72,0,2,0
1,89,1,8,1
0,65,1,4,0
1,88,1,7,1
0,62,1,1,1
0,54,0,2,1
0,91,0,0,0
0,84,1,2,0
1,66,1,9,1
1,82,1,2,1
1,86,1,3,1
1,90,1,5,1
1,88,0,3,1
1,92,1,3,1
0,70,1,2,1
0,82,1,3,1
0,87,0,1,0
1,62,1,15,0
1,53,1,3,0
0,45,1,3,0
0,63,1,2,1
0,93,0,1,1
1,83,1,2,0
1,95,1,3,1
1,90,1,12,0
1,90,1,3,1
0,57,1,3,1
0,84,1,6,1
1,71,1,4,1
0,90,1,4,1
0,84,0,7,0
1,89,1,5,1
1,57,1,0,0
0,58,0,1,1
0,93,1,1,1
1,83,1,6,1
0,91,0,1,1
1,84,1,15,1
0,72,1,1,0
0,50,1,0,1
1,93,0,0,1
0,78,1,5,1
0,64,0,1,1
1,91,1,0,0
0,86,1,2,1
0,89,0,5,1
0,67,0,1,1
1,86,1,7,1
0,61,1,4,1
1,60,1,14,0
0,77,1,6,0
1,89,1,5,0
1,51,1,0,0
0,79,1,2,0
1,94,1,9,1
1,88,1,0,0
0,82,1,2,1
1,89,1,8,0
0,81,1,0,0
0,85,1,7,1
0,87,1,2,0
1,77,1,12,0
1,94,0,3,0
1,82,1,1,1
0,42,1,1,0
0,76,1,0,1
0,74,1,0,1
0,91,1,0,1
1,93,1,5,1
1,87,1,4,1
1,59,1,13,1
1,91,1,5,1
0,73,0,0,0
0,58,1,1,0
0,59,1,11,0
1,91,0,0,1
0,86,1,3,1
1,83,1,2,1
0,58,1,3,0
0,61,1,0,0
1,87,1,6,1
1,92,1,0,1
1,92,0,0,1
1,81,1,7,0
0,80,1,15,1
1,92,1,0,0
0,82,1,12,1
1,67,1,14,1
0,90,1,0,0
1,89,1,14,1
0,58,1,0,1
1,78,1,1,1
1,86,1,4,1
1,94,1,2,1
0,55,1,0,0
1,87,0,1,1
0,85,0,11,1
0,42,1,3,1
1,90,0,2,0
0,69,1,3,1
1,84,1,7,0
0,69,1,0,0
0,67,1,0,0
1,90,1,0,1
1,94,1,0,0
1,63,1,6,1
0,80,1,2,0
0,92,1,2,1
1,65,0,2,0
0,73,1,5,1
0,65,1,1,1
0,88,1,0,0
1,80,0,2,1
0,86,0,0,0
0,81,1,2,0
0,68,1,0,1
0,93,1,0,0
1,88,1,14,1
0,86,0,2,0
1,66,1,1,1
1,56,1,24,1
0,85,1,0,1
1,94,0,2,1
1,86,1,0,0
1,93,1,0,1
0,88,1,0,1
0,80,1,3,0
1,82,1,15,1
1,76,1,10,1
0,92,1,0,1
1,72,1,2,1
0,57,0,0,0
0,58,0,1,1
1,82,1,2,0
0,84,1,11,1
0,85,1,2,0
1,68,1,15,1
0,78,1,5,1
0,90,0,0,1
0,44,0,1,1
1,93,1,0,1
0,69,0,1,0
0,81,0,2,0
0,75,0,6,1
0,89,1,6,1
0,66,1,1,0
1,82,0,1,0
0,68,1,0,1
1,86,1,0,0
0,82,1,1,0
0,87,1,1,1
1,71,1,11,1
1,58,1,5,1
1,84,1,9,1
0,79,1,12,1
0,85,1,1,1
1,60,1,8,1
0,94,0,0,1
0,85,1,0,1
0,86,1,3,1
0,47,1,0,0
0,68,0,1,0
0,89,1,0,1
1,90,1,8,1
0,85,1,3,1
0,69,1,2,0
1,83,1,5,1
1,91,1,0,1
1,93,1,0,1
0,53,1,0,0
1,63,0,5,0
0,82,1,1,1
0,71,1,9,1
0,82,1,0,0
0,78,1,0,1
1,56,1,3,1
0,82,1,1,0
0,57,1,12,1
0,77,1,2,1
0,70,1,6,1
0,63,1,8,1
0,69,1,4,1
0,86,1,9,0
1,69,1,8,1
0,66,1,1,1
1,88,1,13,1
1,80,1,9,1
0,89,1,0,1
1,83,1,8,0
0,71,1,1,1
0,84,1,0,0
0,64,1,0,0
0,83,0,2,1
0,81,0,7,0
1,82,1,1,1
1,68,0,0,0
0,92,1,0,1
1,77,1,8,1
1,82,0,6,1
1,91,0,2,1
0,93,1,0,1
0,92,1,1,1
0,62,1,2,1
0,65,1,2,0
1,59,1,3,1
0,92,1,0,1
0,69,1,0,1
1,83,0,7,1
1,92,1,0,0
0,86,1,5,0
1,93,1,1,1
0,77,1,2,0
1,84,1,21,1
1,92,1,13,1
1,79,1,23,1
0,86,1,11,1
0,90,1,1,1
0,70,1,9,1
0,89,1,5,1
1,82,1,24,1
1,85,1,5,1
0,90,0,1,1
0,57,1,19,1
0,93,1,0,0
0,86,1,0,1
0,63,1,0,0
1,80,1,6,1
1,88,1,0,0
1,94,1,0,1
0,89,1,6,0
1,95,1,0,0
1,65,1,1,1
0,57,1,27,0
0,87,0,0,0
0,48,1,1,0
1,89,0,4,0
0,93,1,0,1
0,69,1,1,1
1,76,1,6,1
0,77,1,24,1
1,70,1,13,1
0,50,1,0,1
1,84,1,1,1
0,53,1,1,0
0,81,1,0,1
0,65,0,8,1
0,91,1,0,1
0,81,1,14,1
1,93,1,0,1
1,84,0,2,1
0,88,1,7,0
1,79,1,3,0
0,87,1,2,0
0,76,1,1,0
1,66,1,14,1
0,88,1,0,0
1,90,1,4,1
1,86,0,2,1
1,70,0,4,1
0,91,1,2,1
1,80,0,1,1
1,94,1,1,1
1,51,1,23,1
0,78,0,0,0
0,56,1,1,1
1,89,1,7,1
0,68,1,5,0
0,79,0,4,1
0,91,1,3,1
0,74,1,1,1
0,83,1,3,1
0,80,0,5,1
1,91,1,3,0
1,87,1,0,0
0,88,0,3,1
0,65,1,1,1
0,67,0,0,0
0,69,0,1,0
0,67,1,6,1
1,80,1,7,1
0,69,1,1,0
0,87,1,10,1
0,62,0,0,0
1,88,1,0,0
0,89,1,9,1
0,63,1,1,1
0,85,0,1,0
0,75,1,1,1
0,68,1,0,1
0,86,1,6,1
0,57,1,0,1
0,91,1,2,1
1,80,1,27,1
0,87,1,3,1
1,89,1,7,0
1,83,1,1,1
0,77,1,8,1
1,63,1,0,1
0,63,1,3,0
0,86,1,8,1
0,58,1,4,1
1,69,1,15,1
1,88,1,7,1
1,81,1,7,1
0,91,1,0,0
0,83,1,0,0
0,83,1,0,0
0,95,1,1,1
0,82,1,0,1
1,84,1,1,0
0,66,0,9,1
0,48,1,1,1
0,74,0,0,1
0,55,1,4,0
0,89,1,5,1
0,87,1,3,0
0,92,1,0,1
0,56,1,1,1
0,65,1,1,0
0,85,1,2,1
1,70,0,11,1
0,90,1,2,1
1,87,1,0,1
1,80,0,5,1
0,90,1,0,1
0,79,0,3,1
0,49,1,4,0
1,85,1,7,1
1,84,1,5,1
0,91,1,1,1
1,82,1,2,1
0,92,1,2,1
0,93,1,0,0
0,71,0,0,0
0,85,1,0,1
0,71,1,1,1
0,89,1,1,1
0,67,1,0,0
0,93,0,0,1
0,89,0,1,0
0,60,1,0,0
1,80,1,3,1
0,86,0,2,0
1,61,0,4,1
0,60,1,0,0
1,77,1,3,1
0,80,1,2,1
0,64,1,11,0
1,54,0,0,1
0,92,1,0,1
0,63,1,3,1
1,85,1,0,1
0,86,0,1,1
0,78,1,6,1
0,86,1,5,0
1,81,1,0,1
0,71,1,4,0
0,69,1,1,0
1,82,1,5,1
1,79,0,0,1
1,91,1,1,1
0,73,1,1,0
1,89,1,24,1
0,79,1,12,1
1,89,1,4,1
1,45,1,6,1
0,90,1,0,0
1,93,1,3,1
0,86,1,0,1
1,67,1,23,1
0,55,1,1,1
1,85,1,13,1
1,78,1,14,1
1,88,1,9,1
0,83,1,0,0
1,82,1,8,1
1,87,0,3,1
0,86,1,0,1
1,66,1,1,0
1,91,1,2,1
0,70,1,0,0
0,72,1,7,0
0,75,1,5,1
0,68,0,2,1
0,59,1,0,0
1,87,1,5,1
0,83,0,0,0
0,89,1,0,1
0,82,1,6,0
0,78,1,2,1
1,93,1,3,1
0,75,1,2,0
0,88,0,0,0
1,86,1,8,1
1,47,1,2,0
0,92,0,0,1
0,77,1,3,0
1,91,1,2,0
1,65,0,14,0
1,82,1,9,0
0,73,1,9,0
0,89,1,1,0
0,57,0,3,1
0,56,1,0,0
1,70,1,19,0
0,86,1,1,1
1,75,0,0,1
0,60,1,0,1
1,93,1,0,0
0,71,1,0,0
0,83,1,5,0
0,84,1,11,1
1,87,1,4,0
1,86,1,0,0
0,90,1,0,0
0,71,1,0,0
1,70,1,10,0
0,63,1,4,1
1,90,1,11,1
0,83,1,1,1
0,91,1,0,1
1,88,1,8,0
1,78,1,5,0
0,87,1,1,1
1,90,1,0,1
0,48,1,0,0
0,78,0,3,1
1,61,1,9,1
1,91,1,1,1
1,92,0,0,0
0,89,1,1,1
0,58,1,4,1
0,85,1,1,1
1,85,1,10,1
1,63,1,1,1
0,56,0,3,0
0,90,1,3,0
1,92,1,0,1
0,75,1,0,0
1,94,1,3,1
1,68,1,10,1
1,76,1,1,1
1,91,1,0,0
0,75,1,6,1
0,89,1,0,1
1,83,1,19,1
1,89,0,1,0
0,88,1,6,1
0,89,1,2,1
1,77,1,11,1
0,78,1,0,1
1,88,1,1,1
1,93,1,3,1
1,79,1,7,1
1,92,1,2,1
0,89,1,0,1
0,90,1,0,0
0,78,1,0,0
1,90,1,2,0
1,93,1,0,1
1,82,1,15,1
1,81,1,2,0
1,81,1,10,1
1,91,0,4,0
0,85,1,0,0
0,64,1,8,1
1,82,1,5,1
1,81,1,14,1
1,77,1,13,1
1,87,1,9,1
0,87,1,0,0
1,62,0,21,1
1,93,1,1,0
0,56,1,1,1
0,87,1,4,1
1,86,1,5,1
1,86,1,1,1
0,83,0,0,0
1,84,1,11,1
0,90,1,3,0
1,88,1,6,1
0,71,1,0,0
1,83,1,2,1
1,92,1,3,1
0,91,1,0,1
0,72,1,0,0
1,80,1,0,0
0,84,1,18,0
0,85,1,1,1
1,76,1,2,1
0,88,1,3,0
1,89,0,4,1
0,63,1,5,0
0,78,1,0,0
0,52,1,0,0
1,91,1,0,1
1,80,1,7,1
0,79,1,1,0
0,92,1,0,1
1,85,1,10,0
0,74,1,0,1
0,78,1,2,1
1,88,1,8,1
1,89,1,1,1
0,45,1,0,0
0,87,1,1,1
1,94,1,0,1
0,87,1,1,1
0,90,0,6,0
0,72,1,0,1
0,89,1,1,1
1,68,1,1,1
0,89,1,0,1
0,92,1,0,1
0,93,1,0,1
0,84,1,1,0
0,68,1,9,0
0,88,1,2,0
1,81,1,0,1
0,74,1,1,0
0,80,1,0,1
1,92,1,1,1
0,86,1,3,0
1,83,1,4,0
1,55,1,3,0
0,77,1,0,1
0,64,1,0,1
1,93,0,2,1
1,57,1,8,1
0,83,1,5,0
0,63,0,1,0
0,70,1,9,1
1,66,1,5,1
0,89,0,0,1
0,63,1,5,0
1,64,1,0,1
0,57,1,2,1
0,59,1,0,0
1,55,1,4,1
0,72,0,0,1
1,94,1,2,1
0,56,1,16,1
0,93,1,0,1
1,82,1,21,1
0,90,0,0,0
0,72,1,1,1
1,85,1,8,1
0,93,1,1,1
1,83,1,1,0
0,58,1,8,0
0,56,1,0,0
1,92,1,1,1
1,68,1,1,0
1,64,1,0,0
0,68,1,2,1
1,70,0,11,1
0,79,1,4,0
1,84,1,14,1
0,72,1,2,1
1,68,1,5,1
1,72,1,0,1
0,77,1,12,1
1,85,1,7,1
0,82,1,8,1
0,83,1,5,1
0,81,0,1,0
0,89,1,4,1
0,81,0,0,0
0,93,1,1,1
0,50,0,7,0
1,79,1,1,1
0,58,1,1,1
1,76,1,0,0
0,74,0,4,0
0,80,1,3,1
0,86,1,4,1
0,63,1,0,0
0,79,1,2,0
0,53,1,5,1
0,89,1,0,1
1,89,1,4,1
0,88,1,0,0
0,72,1,1,0
0,89,0,1,1
1,88,1,13,0
0,83,1,9,1
0,79,1,1,1
1,73,0,4,1
0,80,1,0,1
0,68,1,5,0
0,81,0,1,0
0,84,1,3,1
0,64,0,7,0
0,93,1,0,1
1,83,1,16,1
1,83,1,2,1
0,91,0,0,0
0,89,1,1,1
0,90,0,1,1
1,83,1,13,0
0,54,1,0,1
0,84,1,2,1
0,82,0,0,0
0,68,1,0,0
1,93,1,0,0
0,86,1,6,0
0,79,1,0,1
1,80,1,2,1
1,73,1,2,1
0,74,0,7,0
1,91,1,1,1
1,91,1,3,1
0,86,1,2,0
1,93,1,0,1
0,68,1,2,0
0,58,1,1,1
0,73,1,19,1
1,74,1,8,1
1,84,1,5,1
1,90,1,1,0
0,89,1,7,1
0,81,0,0,0
0,66,1,2,0
1,81,1,11,1
0,89,1,0,1
1,89,1,6,1
1,56,1,38,1
1,84,1,7,1
1,77,1,0,1
0,71,0,7,1
0,82,1,0,1
0,81,1,3,1
1,75,1,4,1
0,65,1,4,1
0,90,1,0,1
0,88,1,1,1
0,72,1,0,1
1,92,1,1,1
0,78,1,0,1
1,85,1,7,0
0,75,1,0,0
1,87,1,13,1
1,76,1,2,1
1,94,1,0,1
1,89,1,4,1
0,61,1,0,0
1,87,0,0,0
1,93,1,0,1
1,64,1,1,0
0,73,1,4,1
1,80,1,4,1
1,92,1,5,1
1,92,1,0,1
0,89,1,2,1
1,72,1,1,1
0,87,0,2,1
0,63,1,2,1
1,81,1,23,1
0,90,1,0,1
0,77,1,4,1
0,77,1,0,0
0,87,0,0,0
0,93,1,0,1
1,79,1,1,1
0,90,0,0,1
0,93,1,1,1
0,65,1,2,0
0,76,1,9,1
0,53,1,0,0
0,84,0,0,0
0,92,1,3,1
1,89,1,0,1
1,84,0,3,0
0,62,1,0,0
0,88,1,0,1
0,88,1,0,0
0,85,1,6,1
1,69,1,9,1
1,94,1,0,1
0,85,1,4,1
1,71,1,1,1
0,88,1,2,1
0,68,0,4,1
0,68,0,0,1
0,75,1,8,1
1,85,1,12,1
0,73,1,0,0
1,85,1,11,1
0,89,0,5,1
0,91,1,2,1
1,68,0,1,1
0,84,1,0,0
0,80,1,1,1
1,44,1,11,1
0,62,1,2,1
0,63,1,4,0
1,69,0,15,1
1,59,1,21,1
0,65,0,1,1
1,88,0,9,0
0,67,0,0,1
0,87,1,0,0
1,89,1,5,0
1,93,1,1,1
1,77,1,26,1
1,93,1,1,1
0,93,1,0,1
1,89,1,4,1
1,87,0,3,1
1,84,1,3,1
0,44,1,0,0
1,77,1,11,1
1,68,1,5,1
1,74,1,4,0
1,94,1,1,1
1,71,1,18,1
0,76,1,15,1
0,85,1,0,1
1,77,1,8,0
0,76,1,3,1
0,87,0,0,1
1,94,0,0,0
0,70,1,0,0
0,83,1,6,0
1,85,1,3,1
1,66,1,13,1
0,84,0,0,0
1,89,0,2,1
0,74,1,3,1
0,65,0,3,1
0,81,1,1,0
1,88,1,5,1
0,83,1,1,0
0,53,1,1,0
0,84,1,2,1
0,52,1,0,0
1,87,0,4,0
0,66,1,9,1
0,74,0,0,1
0,90,1,0,1
1,92,1,0,1
1,84,1,4,0
0,51,1,0,0
0,68,1,0,0
0,81,1,4,1
1,93,0,1,1
1,71,1,0,0
1,88,1,3,1
0,63,1,1,1
1,75,1,3,1
1,84,0,0,0
1,82,1,14,1
0,92,1,0,0
0,55,1,0,1
1,76,1,37,0
0,91,1,2,1
1,72,1,0,0
1,94,1,1,1
1,76,1,2,1
0,80,0,2,1
1,78,0,7,1
1,79,1,7,1
1,78,1,0,0
0,83,1,1,1
1,86,0,3,1
1,86,1,1,1
0,54,1,3,1
0,71,1,0,1
0,74,1,1,1
1,83,1,15,1
1,60,1,6,1
0,88,1,1,1
1,90,1,17,1
1,73,1,0,1
1,93,1,1,1
1,85,0,1,1
0,92,1,0,1
1,62,1,9,1
0,74,0,0,1
0,77,0,0,1
0,93,1,1,1
0,69,0,1,1
1,85,1,1,0
1,68,1,10,1
0,93,1,1,1
0,64,1,7,0
1,79,1,6,1
1,62,1,1,0
0,66,1,0,0
1,85,0,9,0
0,66,1,0,0
1,83,1,10,1
1,93,1,3,1
1,82,1,0,1
0,67,1,0,0
0,52,1,1,0
1,93,1,3,1
0,79,1,13,1
1,68,1,3,0
1,80,1,5,1
0,62,1,2,1
0,75,0,7,1
1,93,1,0,0
0,61,1,1,0
1,95,0,0,1
0,92,1,0,0
0,69,1,1,1
0,87,0,0,1
0,89,1,0,0
1,84,1,0,1
1,83,1,2,1
0,86,1,3,1
1,78,1,3,0
1,87,1,7,1
0,72,1,1,1
1,79,1,0,1
0,81,0,2,1
1,90,1,6,1
1,89,1,21,1
0,72,0,0,0
1,93,1,0,1
0,86,0,0,0
1,87,1,25,1
0,93,0,0,1
1,88,1,0,0
0,78,1,0,1
1,91,1,1,0
1,65,1,0,1
1,85,1,11,1
1,70,1,0,1
0,86,1,1,0
1,87,1,2,0
1,79,0,12,1
1,78,1,19,0
0,68,1,2,0
0,80,1,3,1
1,69,1,15,1
1,86,1,9,1
0,89,0,1,1
0,93,1,1,0
0,66,1,1,1
0,77,1,1,0
1,90,1,3,1
1,77,1,1,0
0,75,1,1,1
1,90,1,1,1
0,65,1,2,1
1,79,1,3,1
1,91,1,1,1
1,78,1,4,1
0,71,1,5,1
1,86,1,6,0
1,93,0,4,1
0,61,1,1,0
1,87,0,2,0
0,75,1,0,0
1,67,1,22,1
1,86,1,4,1
0,65,1,7,1
0,78,1,2,1
0,90,0,1,1
0,79,1,0,0
0,91,1,3,1
0,88,1,2,1
1,83,1,7,1
1,84,0,14,1
0,89,1,2,0
1,90,1,6,1
1,80,1,1,1
0,88,1,2,0
0,88,1,7,0
0,54,1,0,1
0,94,0,0,1
1,78,1,10,0
0,91,1,0,1
1,88,1,5,1
0,74,1,4,0
1,86,1,1,1
1,65,1,1,1
1,68,1,8,1
1,95,1,1,1
0,61,1,1,1
0,58,1,5,1
0,90,0,0,1
0,83,1,0,1
0,81,0,2,1
1,88,1,8,1
0,58,1,1,0
0,82,1,2,1
1,89,1,0,1
0,93,1,1,1
0,76,1,3,1
0,91,1,0,1
0,47,1,4,0
1,94,1,0,1
1,75,0,4,1
1,90,1,1,1
0,91,1,0,1
0,65,1,3,1
1,83,1,7,1
1,94,1,1,1
0,86,1,0,0
0,47,1,3,1
0,81,1,0,1
1,94,1,1,1
0,74,1,4,1
0,62,1,0,1
1,69,1,17,1
1,87,1,8,1
0,92,1,1,1
0,78,1,9,1
1,74,1,0,0
1,84,1,1,0
0,72,1,1,1
1,90,1,2,1
0,68,1,4,1
0,76,1,4,1
1,75,1,2,1
1,82,0,0,0
0,88,1,0,0
1,60,1,1,0
0,87,1,2,1
0,53,1,1,1
1,63,1,1,0
0,57,1,0,1
1,90,1,3,0
0,80,1,1,1
0,87,1,1,1
1,86,0,10,0
1,79,1,10,0
1,84,1,6,1
0,61,1,1,1
0,70,1,0,1
1,57,1,3,0
0,53,1,10,1
1,88,1,1,1
1,66,1,10,1
0,72,1,4,0
1,76,1,10,1
0,75,1,4,1
0,61,0,0,0
0,88,1,3,0
1,92,1,1,1
0,64,1,0,1
0,70,1,16,0
1,90,1,4,1
1,93,1,0,1
0,64,1,0,1
0,78,0,0,0
0,75,1,0,1
0,90,0,2,1
0,60,0,7,1
0,85,1,0,0
0,88,1,0,0
1,73,1,3,1
1,91,1,1,1
0,80,1,0,0
1,83,1,11,1
0,94,1,0,1
1,65,1,10,1
1,88,1,4,1
1,86,1,1,1
0,88,1,0,1
0,59,1,1,1
0,92,1,0,0
0,88,0,0,0
0,58,1,0,0
0,48,1,1,1
0,68,1,2,1
1,56,1,16,1
0,86,1,4,1
0,81,1,8,1
0,83,0,0,0
0,88,1,1,0
0,79,1,4,0
1,73,0,12,1
0,80,1,0,0
0,81,1,0,1
0,82,0,0,1
1,77,1,9,1
0,64,1,1,1
0,79,1,1,1
1,67,0,0,0
0,62,0,8,1
1,88,1,5,1
1,78,1,1,0
1,69,1,13,1
1,95,1,0,0
1,73,1,8,1
0,90,1,0,0
0,93,1,1,1
0,60,1,0,0
0,65,1,0,1
0,72,1,1,1
1,93,1,1,1
0,53,1,30,1
1,68,1,5,1
0,40,1,0,0
0,76,0,0,1
0,39,1,2,0
0,75,0,1,1
0,76,0,0,1
1,95,1,1,1
1,86,1,0,1
0,61,1,2,1
1,89,1,1,1
0,61,1,1,0
0,61,1,4,1
0,91,1,2,1
1,59,1,33,1
0,50,0,1,1
1,91,1,1,0
0,76,1,1,0
1,91,1,4,1
0,73,0,0,1
0,61,1,0,0
0,80,1,0,1
1,90,1,0,1
0,88,1,1,0
0,70,1,4,1
0,87,0,0,1
0,86,1,14,1
0,59,1,1,0
0,92,0,2,1
0,78,1,15,1
1,85,1,6,1
0,91,1,1,1
0,58,1,1,0
1,87,1,2,1
0,77,1,1,0
1,82,1,1,1
1,73,1,18,0
1,92,1,1,1
1,77,1,1,1
0,69,1,3,0
0,83,0,14,1
1,72,1,7,1
1,88,1,20,1
1,81,1,0,1
1,92,1,0,0
1,82,1,2,1
0,78,0,1,0
0,60,1,0,0
1,89,1,5,1
1,90,1,3,1
0,91,1,0,0
0,53,1,0,0
0,72,0,0,0
1,86,1,1,0
0,87,1,1,0
0,90,1,2,0
0,81,1,14,1
1,82,1,16,1
0,76,1,0,1
0,93,1,1,0
1,87,1,1,1
0,75,1,0,1
0,85,1,0,1
0,85,1,1,1
0,49,1,6,1
1,78,1,1,1
1,68,1,0,1
0,70,1,7,1
0,87,1,0,0
1,87,1,8,1
0,53,1,0,0
1,67,1,0,0
0,87,1,1,0
1,86,1,0,1
1,83,0,1,0
1,88,1,9,0
1,61,1,2,1
1,88,1,1,1
0,89,1,2,1
1,91,1,5,0
1,93,0,4,0
0,91,1,1,0
0,84,1,3,0
0,69,0,2,1
1,87,1,2,0
1,57,1,6,0
1,70,1,8,1
0,88,0,0,0
1,93,1,0,1
0,51,1,1,1
0,52,0,0,0
0,66,1,0,1
0,61,1,1,0
1,52,1,3,0
0,86,1,5,1
0,58,1,1,1
0,79,1,2,1
1,58,0,2,0
1,92,1,2,1
1,88,1,5,1
0,79,1,4,0
1,92,1,1,1
0,54,1,3,0
0,77,0,7,1
0,82,0,0,1
1,81,0,3,1
1,76,1,2,1
0,61,1,0,0
0,82,1,0,0
0,88,1,0,0
0,53,1,0,0
0,93,1,0,0
0,45,1,22,0
0,88,1,0,0
1,84,1,9,1
0,93,1,1,1
0,73,1,0,0
1,69,1,0,1
1,83,1,10,1
0,92,1,0,1
1,60,0,0,1
1,64,1,2,0
0,64,0,5,1
0,77,1,11,1
1,93,0,0,1
1,91,1,6,0
1,84,1,0,1
0,61,1,2,1
1,84,1,11,1
0,88,1,5,0
1,84,0,1,1
0,55,0,0,0
1,85,1,13,1
0,47,1,0,1
1,84,1,13,1
1,89,1,5,0
0,69,1,8,1
0,79,1,4,0
0,92,1,0,1
1,73,1,8,1
1,68,1,3,1
0,87,1,0,0
0,77,0,13,1
1,92,1,0,1
1,95,1,0,1
0,69,1,2,0
1,81,0,5,1
0,62,1,7,1
0,93,0,0,1
1,71,1,6,0
0,81,1,3,1
1,88,1,3,1
0,77,1,0,0
1,76,1,1,1
1,79,1,1,0
1,87,1,1,1
0,74,1,1,1
0,93,1,1,1
1,76,1,3,1
0,77,1,0,0
0,90,1,1,0
0,70,1,0,1
0,84,1,0,1
0,74,1,0,1
0,65,1,1,1
0,47,1,0,0
1,55,1,14,1
1,93,1,1,1
0,83,1,6,0
1,64,0,2,1
0,84,1,7,1
0,86,1,1,0
1,66,1,7,1
0,59,1,0,0
0,90,0,1,1
0,72,1,0,0
1,80,1,0,0
1,71,1,4,0
0,70,1,0,1
0,89,1,0,0
1,85,1,17,1
1,89,1,2,1
1,82,0,0,0
1,18,1,2,1
1,79,1,10,0
0,85,1,0,0
1,87,1,8,1
0,73,1,2,1
0,83,1,0,0
1,90,1,1,1
1,80,1,0,1
1,66,1,2,1
0,73,1,1,1
1,88,1,12,0
1,72,1,0,1
0,85,1,0,0
0,88,1,0,0
0,87,0,1,1
0,79,1,4,0
0,60,1,1,1
1,90,1,3,0
0,94,1,0,1
0,87,1,0,1
0,93,1,1,1
1,87,1,7,0
1,80,1,11,1
0,87,1,4,1
0,60,1,0,0
1,85,1,2,1
0,75,1,1,1
0,92,0,2,1
0,81,0,0,0
1,89,0,2,1
1,74,0,7,1
0,79,0,0,0
1,86,1,0,0
0,61,1,0,0
0,86,1,2,0
0,88,1,0,1
0,84,1,1,1
0,83,1,3,1
1,90,1,3,0
1,69,1,19,1
0,81,1,1,0
0,86,1,1,1
1,69,0,1,1
0,92,0,1,0
1,81,1,3,1
1,91,1,4,1
0,78,1,6,1
0,92,1,0,1
0,69,1,1,0
1,86,1,2,1
0,77,1,3,0
0,62,0,0,0
0,88,1,0,1
1,86,1,4,1
0,81,0,2,1
1,91,1,3,1
1,83,1,3,0
0,59,0,0,0
1,90,1,3,1
0,77,1,2,0
0,73,1,0,1
0,88,1,0,0
0,73,1,13,1
0,81,1,6,1
1,67,1,0,0
0,91,1,0,1
0,87,1,1,1
1,90,1,0,1
0,91,1,2,0
0,84,1,10,1
0,59,1,1,1
1,88,1,13,0
0,73,0,6,0
0,79,1,0,1
1,88,1,4,1
0,94,1,1,0
1,90,1,3,0
1,83,1,8,0
0,92,1,2,1
1,59,1,0,1
1,81,1,7,1
1,70,1,6,1
1,73,1,25,1
0,58,1,9,0
0,93,1,1,1
1,78,1,1,1
0,66,0,1,0
1,87,1,6,1
1,58,1,7,1
0,75,1,2,0
0,83,1,0,1
0,89,0,0,1
0,63,1,1,1
0,86,0,3,1
1,84,1,0,1
1,95,0,0,0
1,94,1,0,0
0,57,1,0,1
1,63,1,8,0
1,87,1,5,1
0,88,1,0,1
1,91,1,3,0
1,79,1,14,0
0,73,0,1,0
0,77,1,5,1
0,66,1,0,1
0,93,1,0,1
1,95,1,3,1
1,93,1,1,1
0,85,1,1,0
0,62,1,1,0
1,91,1,5,1
1,92,1,0,1
1,95,1,1,1
1,73,1,1,1
1,89,0,1,0
1,60,1,0,0
1,89,1,13,1
1,84,0,0,0
0,74,0,4,1
0,92,1,0,1
0,64,1,10,1
0,79,1,2,0
1,86,1,7,1
0,93,1,0,1
1,76,0,6,1
0,87,1,0,1
1,92,1,0,1
1,76,0,20,1
1,82,1,26,1
0,82,1,0,1
0,55,1,0,1
1,84,1,19,1
1,94,1,0,0
0,55,1,0,1
1,70,0,1,1
1,88,1,9,0
1,84,1,9,1
0,79,0,2,1
1,89,1,3,0
0,70,1,0,0
0,74,1,7,1
1,83,0,0,0
0,82,0,0,1
1,77,1,22,1
0,92,1,2,1
1,76,1,8,0
0,80,1,2,1
0,84,1,7,1
1,76,0,0,1
1,78,1,10,1
0,68,1,0,1
1,92,1,0,0
1,79,1,2,1
0,79,1,0,1
1,94,1,1,1
1,84,0,9,1
1,80,1,16,1
1,83,1,3,1
1,82,1,0,0
1,83,1,4,1
1,92,1,2,1
0,83,1,0,1
1,78,1,5,0
0,75,1,2,0
1,63,1,9,1
1,79,1,7,1
1,84,1,1,1
0,79,1,0,1
1,91,1,0,1
1,71,1,3,0
0,77,1,0,0
0,89,1,3,0
1,81,1,8,1
0,87,0,0,1
0,67,1,2,0
0,68,1,12,0
0,87,1,0,1
1,80,1,0,1
1,84,1,4,0
0,89,1,0,0
0,88,1,5,0
1,89,1,1,1
0,54,1,9,1
1,65,1,0,0
1,84,1,12,1
0,93,1,0,1
1,89,1,4,1
0,61,1,1,1
1,93,1,0,1
0,85,1,1,0
0,85,1,4,0
0,93,1,0,0
1,90,0,2,0
1,61,1,4,0
0,63,1,2,1
0,85,1,1,0
0,90,0,0,1
1,90,1,2,1
0,77,1,5,1
1,94,1,0,1
0,60,0,2,0
0,63,0,14,1
0,61,1,1,1
0,83,1,2,1
0,89,1,5,1
0,76,1,0,0
1,92,1,3,1
0,93,1,1,1
1,93,1,1,1
1,87,1,6,0
1,86,1,14,0
1,65,1,6,0
1,62,1,7,1
0,89,1,1,0
0,58,1,2,1
0,80,1,22,1
0,79,1,7,1
1,91,1,1,0
0,92,1,0,1
1,91,1,0,1
0,84,1,4,0
1,72,1,1,0
1,64,1,24,0
1,60,1,12,1
1,77,1,4,0
0,77,1,0,1
0,91,1,1,1
0,73,1,0,1
0,64,1,5,1
1,73,1,19,1
1,88,1,2,1
1,74,1,8,1
1,91,1,2,1
1,59,1,1,1
1,90,1,0,1
1,81,1,5,0
0,91,1,0,1
1,77,1,1,0
0,50,0,0,1
0,63,1,0,0
1,74,1,4,1
0,71,1,1,1
1,79,0,3,0
1,92,1,1,1
0,85,1,2,1
0,57,1,0,0
1,94,1,1,0
1,77,1,1,0
0,91,0,0,0
1,91,1,3,1
1,78,1,9,0
0,59,1,1,0
1,61,1,18,0
1,93,1,1,1
1,87,1,3,0
1,86,1,6,1
1,88,1,1,1
0,89,1,1,1
0,48,1,0,1
0,86,1,3,0
1,93,1,0,1
0,90,1,0,0
1,54,1,18,0
1,77,1,2,1
1,91,1,2,0
0,41,1,0,0
0,70,1,0,1
0,72,1,0,0
0,74,1,6,1
1,86,0,0,1
0,93,1,0,1
1,58,1,0,0
0,72,1,3,1
1,82,1,11,1
0,64,1,1,1
0,80,1,0,0
1,67,1,1,0
0,56,1,3,1
0,66,1,3,1
0,94,0,0,1
1,61,0,10,1
0,85,1,0,1
0,76,1,1,0
0,71,0,0,0
0,79,1,1,0
1,89,1,2,0
1,61,1,1,0
0,92,1,0,0
0,82,0,1,0
1,88,1,9,0
0,66,0,0,1
1,91,1,4,1
0,43,1,1,0
0,53,0,0,0
0,92,0,2,0
1,85,1,1,0
0,60,0,1,0
0,90,1,6,1
0,86,0,0,1
0,89,0,2,1
0,92,0,1,1
1,90,1,2,1
0,79,1,0,1
0,93,1,0,1
0,65,1,1,0
1,88,1,6,1
1,84,1,7,1
1,82,1,1,0
1,84,1,5,1
0,93,1,1,1
0,50,1,8,1
0,88,0,1,1
1,69,0,7,1
0,77,1,3,0
1,80,0,1,1
0,54,1,4,1
0,56,1,0,0
0,87,1,0,1
1,84,1,0,0
0,89,1,0,0
1,54,1,19,1
0,58,1,24,1
0,81,1,2,0
1,89,1,9,1
0,67,1,15,1
1,82,1,6,1
1,90,1,3,1
1,91,1,2,1
1,91,1,3,1
1,89,1,1,1
0,94,0,0,1
0,82,1,9,1
0,65,0,0,1
0,92,1,1,1
0,90,1,0,1
1,88,1,10,1
0,85,1,5,1
1,94,0,1,1
0,65,1,1,0
1,85,1,1,0
1,96,1,2,1
0,92,1,0,1
0,80,1,8,1
0,88,0,3,1
1,93,1,0,1
0,60,1,2,0
0,55,1,1,1
1,92,1,0,1
1,90,1,1,1
0,50,1,20,1
1,69,1,1,0
0,92,0,0,1
1,90,1,5,1
1,84,0,3,1
0,87,0,0,1
0,94,1,0,1
1,85,1,0,1
1,86,1,5,1
0,77,1,0,0
0,89,1,2,1
1,91,1,3,1
0,82,0,0,0
0,70,0,1,1
0,73,1,8,1
0,84,1,3,1
1,87,1,2,0
1,82,1,0,1
1,74,1,24,0
0,91,1,1,1
0,80,1,2,0
0,81,1,1,1
0,81,0,3,0
0,81,1,3,1
0,81,1,0,1
1,73,1,2,0
0,77,1,1,0
0,86,1,9,0
1,89,0,0,1
1,63,1,14,1
0,84,0,1,0
0,67,0,0,0
1,90,1,0,1
0,77,1,5,0
1,83,1,9,1
0,84,0,1,1
1,62,1,0,1
1,89,1,5,1
0,54,1,10,1
0,68,0,7,0
0,52,1,3,0
1,57,1,10,1
1,78,1,0,0
1,90,1,2,1
1,77,1,3,0
0,89,1,9,1
1,93,1,0,0
0,76,1,0,0
1,85,1,5,1
1,62,1,0,0
0,85,1,5,1
1,55,1,13,1
0,75,1,2,1
0,66,1,1,0
1,83,1,3,0
1,94,1,1,1
0,64,1,0,0
1,87,1,7,1
0,87,1,0,0
1,83,1,4,1
0,82,0,2,1
0,90,0,2,0
1,90,1,4,1
1,84,1,0,0
0,93,1,2,1
0,73,1,0,1
0,76,1,1,1
1,82,1,2,1
0,87,1,5,1
0,90,0,1,1
1,45,1,0,0
0,89,1,1,1
1,59,1,0,0
1,86,1,7,1
1,87,1,0,0
1,94,0,1,1
1,78,1,2,1
1,75,0,10,1
1,89,1,10,1
0,79,0,1,0
1,82,1,12,0
0,45,1,0,0
0,93,1,1,0
0,73,1,1,1
0,93,1,0,1
0,76,1,0,1
1,93,1,1,1
0,83,1,10,0
1,79,1,2,0
0,80,1,5,0
0,62,1,0,0
0,93,1,0,1
0,71,1,8,0
0,82,0,0,1
1,65,1,5,1
0,93,0,0,0
1,86,1,5,1
0,49,0,1,1
0,87,0,0,0
1,85,1,6,1
1,66,1,20,1
0,89,1,1,0
1,94,1,0,0
1,65,1,7,1
0,72,1,6,0
0,51,1,6,1
0,74,1,0,0
0,80,1,0,1
1,93,1,1,1
0,87,1,1,0
0,85,1,0,0
1,79,1,0,0
1,82,1,9,0
0,64,0,0,0
0,83,1,1,0
0,67,1,0,0
0,70,1,2,0
1,70,1,8,1
0,58,1,0,1
0,91,1,0,0
0,60,1,10,1
1,93,1,1,1
0,76,1,17,1
1,89,1,0,1
1,70,1,2,1
1,62,1,3,0
1,62,0,0,1
1,93,1,0,0
0,83,1,4,1
1,84,0,9,1
0,75,0,1,1
0,58,1,6,1
1,79,1,12,1
0,75,1,1,1
0,85,1,0,0
0,86,0,3,1
1,91,1,2,1
0,88,1,0,0
1,50,0,1,0
0,63,0,10,1
0,56,0,0,1
1,94,1,1,1
1,93,1,0,1
0,93,1,0,1
0,91,1,0,1
0,68,1,3,1
1,89,1,21,1
0,79,1,5,1
0,80,1,12,1
0,84,0,0,0
0,67,1,1,1
0,84,1,4,1
0,81,1,0,0
0,67,1,1,1
1,72,1,33,1
1,75,1,1,1
1,64,1,11,1
1,84,1,2,0
0,90,1,1,1
0,92,0,2,1
0,69,1,3,1
1,88,1,2,1
0,75,1,3,1
0,74,1,1,1
0,90,1,0,1
0,91,1,1,1
0,53,1,0,0
1,72,1,3,1
1,76,1,3,1
1,47,1,0,1
0,91,1,2,1
1,83,1,1,1
0,74,1,15,1
0,70,1,0,1
1,77,1,10,1
0,92,0,3,0
1,83,1,6,0
1,86,1,9,1
0,57,1,2,1
0,90,1,5,0
0,81,1,9,1
1,84,0,10,1
0,83,1,5,1
0,58,1,7,1
0,47,1,2,1
1,79,1,0,1
1,57,1,23,1
1,75,0,8,1
0,49,1,3,1
0,92,0,0,0
0,79,0,2,1
1,85,1,2,0
1,77,1,2,0
1,52,1,13,1
1,92,1,5,0
0,83,1,6,0
1,92,1,0,0
1,83,1,8,1
0,58,0,1,1
0,89,1,2,1
0,81,1,10,0
0,89,1,2,1
0,87,0,3,1
0,77,1,1,1
0,73,1,2,0
0,79,1,5,1
1,89,1,1,0
0,59,1,0,0
0,90,0,1,1
1,88,1,2,1
0,79,1,7,1
1,64,1,3,0
0,84,1,1,0
1,89,1,3,1
1,49,0,1,0
1,83,0,0,1
0,90,0,0,0
1,80,1,6,1
1,90,1,3,0
0,84,0,4,1
0,79,0,0,0
1,84,1,14,1
0,90,1,1,0
1,63,1,3,1
0,86,0,3,1
1,87,0,4,1
0,64,1,5,1
1,92,1,2,1
1,85,1,2,1
0,83,1,0,1
0,83,1,0,0
0,82,0,3,1
1,87,1,1,1
1,85,1,6,1
0,55,1,3,1
1,90,1,1,0
0,87,0,1,1
0,81,1,0,1
0,79,0,0,0
1,86,1,9,1
0,74,0,0,1
0,61,1,3,0
0,69,1,0,0
1,90,1,9,0
1,83,1,16,1
0,89,1,0,0
1,90,1,0,0
0,90,1,0,1
0,91,1,6,0
1,91,1,7,1
0,67,0,2,1
0,66,1,0,0
0,79,1,0,0
1,90,1,3,1
0,52,1,0,1
0,62,1,19,1
1,89,0,4,1
0,89,1,1,1
0,65,1,1,0
1,64,1,0,1
1,67,1,3,1
0,77,1,14,1
0,88,1,0,0
0,86,1,21,1
1,88,0,3,1
0,66,1,4,1
0,89,1,1,1
1,94,1,1,1
1,80,1,9,1
0,88,1,1,0
1,68,1,9,1
1,93,1,0,1
1,87,0,2,1
1,93,1,3,0
0,85,1,1,1
0,68,1,4,1
0,90,1,0,1
0,63,0,2,0
1,57,1,8,0
1,81,1,4,1
1,91,1,4,1
0,85,1,5,1
1,92,1,0,0
1,58,1,10,0
1,81,0,1,0
1,87,1,0,1
0,83,1,1,0
1,74,1,3,1
0,66,1,0,0
1,82,1,10,1
0,46,1,1,1
0,90,1,1,0
0,82,1,1,1
1,95,1,2,1
0,58,1,4,1
1,91,1,6,1
1,75,1,17,1
0,89,1,1,1
1,72,1,6,1
0,85,1,1,0
0,76,1,2,0
1,82,1,10,1
1,91,1,4,0
1,56,1,10,1
1,72,1,9,1
0,62,1,3,1
1,88,1,1,1
0,87,1,1,1
0,81,1,1,1
1,81,1,2,1
1,91,1,0,0
1,89,1,4,1
1,82,1,0,1
1,80,1,14,1
0,85,0,0,0
1,76,1,19,1
0,85,1,0,0
1,87,1,6,1
1,89,1,0,0
1,83,0,2,1
1,84,1,8,1
0,73,1,0,1
0,55,1,8,1
1,93,1,1,0
1,81,0,6,0
1,87,1,6,1
0,84,1,0,1
0,71,1,4,1
0,90,0,2,1
1,69,1,13,0
1,91,1,0,1
0,74,0,5,1
0,91,0,0,1
0,75,1,3,1
1,88,0,5,1
0,88,0,0,0
0,93,1,0,0
0,84,1,3,1
0,70,1,0,1
1,93,1,1,1
0,91,1,0,0
0,65,0,1,1
1,91,1,3,1
1,90,1,1,1
1,93,0,1,1
1,77,0,7,1
1,93,0,1,0
1,86,1,2,1
0,72,1,2,0
1,91,1,7,1
1,90,0,2,1
0,83,1,0,1
1,90,1,2,0
0,89,1,1,1
0,59,1,12,1
1,81,1,1,0
1,88,1,24,0
0,87,1,1,1
0,88,1,3,0
1,93,1,0,0
0,87,0,0,0
0,68,1,0,1
1,76,0,1,0
0,90,0,0,0
0,76,0,0,0
1,87,1,7,1
0,66,1,6,1
1,83,0,2,1
1,86,1,5,0
0,84,1,7,1
1,89,1,6,0
1,87,1,8,1
0,59,1,0,0
0,89,1,1,1
1,74,1,5,1
1,93,1,0,1
1,64,1,26,1
1,86,1,10,1
1,94,1,2,1
1,81,1,9,0
1,83,1,10,1
0,57,0,0,0
0,89,1,0,0
1,92,1,7,1
1,83,1,3,1
0,71,1,7,1
0,89,0,0,0
0,75,1,1,0
0,74,1,1,1
1,94,1,0,1
0,79,1,2,0
1,80,1,1,0
1,87,1,18,1
1,77,1,1,1
1,76,0,3,1
1,93,1,0,1
1,89,1,0,0
1,61,1,6,0
0,64,0,4,1
0,91,0,1,0
1,87,1,2,1
1,92,1,0,1
1,87,1,0,0
1,85,1,5,1
0,76,1,1,0
0,60,0,2,1
1,88,1,1,1
1,77,1,23,1
1,78,1,25,0
1,86,1,18,1
0,65,1,1,0
0,78,1,11,1
0,88,0,2,1
0,73,0,0,1
1,88,1,9,1
0,74,1,9,1
0,85,1,8,0
1,93,1,7,1
1,92,1,0,1
0,81,1,0,1
0,88,1,7,1
1,87,0,0,0
0,79,1,1,1
0,87,1,3,0
1,77,1,3,0
0,83,0,3,1
1,78,1,26,1
0,82,0,0,0
0,64,1,1,1
0,62,1,1,1
0,90,1,1,0
0,76,1,0,1
0,60,1,11,1
0,43,1,13,1
1,87,1,9,1
0,75,0,1,1
1,80,1,1,0
1,91,1,0,0
1,68,1,8,0
1,78,0,5,1
0,59,1,0,1
0,81,1,1,1
1,69,1,0,0
0,87,1,0,1
1,91,1,2,1
1,94,1,1,1
0,83,0,10,1
0,90,1,8,1
1,77,0,2,1
1,89,1,0,0
0,88,1,0,1
0,85,1,0,1
0,81,1,3,0
0,85,1,0,1
1,73,1,4,0
1,77,1,0,1
0,68,1,2,1
1,58,0,10,1
1,91,1,0,1
1,91,0,1,1
1,89,1,0,1
1,90,1,1,1
0,79,1,27,1
0,66,1,10,1
1,88,1,1,0
1,90,1,2,1
0,89,1,8,1
1,91,1,0,1
0,71,1,2,1
0,61,0,0,0
1,90,1,1,1
0,89,1,4,0
0,86,1,0,1
0,93,1,1,1
0,83,1,0,0
1,81,1,3,1
0,79,0,1,1
0,59,1,3,0
1,64,1,9,0
0,86,1,0,0
1,70,1,0,0
0,66,0,2,1
1,95,1,3,1
0,91,1,2,0
1,90,1,3,1
0,64,1,2,1
0,83,1,0,0
1,86,0,0,1
0,72,1,0,1
1,93,1,0,0
0,85,1,5,1
0,66,1,1,1
1,93,1,0,1
1,90,1,0,0
1,83,1,3,1
0,91,1,0,0
1,87,1,0,1
0,82,1,0,0
1,39,1,1,1
1,86,1,7,1
0,47,1,0,0
0,82,0,11,1
0,70,1,7,1
1,89,1,1,1
1,84,0,15,0
0,86,1,9,0
1,87,1,0,1
0,78,1,4,1
0,78,1,8,0
0,89,0,0,0
1,83,1,5,1
1,84,1,0,0
0,81,1,4,1
0,76,1,0,0
1,88,1,1,0
1,62,1,5,1
1,92,0,2,0
0,64,1,0,1
0,77,1,4,1
1,56,1,1,1
1,80,1,3,0
1,82,1,1,1
1,85,1,0,0
0,87,1,0,0
0,75,1,5,1
0,90,1,0,1
0,76,1,8,0
0,62,1,7,1
1,58,1,3,0
1,68,1,7,1
1,76,1,5,1
0,67,1,3,0
0,82,1,0,1
0,80,1,27,0
0,72,1,5,1
1,79,0,0,0
1,94,1,0,1
1,82,0,2,1
0,93,1,0,0
1,90,1,0,0
1,90,1,1,0
0,59,1,2,1
1,88,1,0,0
0,62,1,8,1
0,87,1,1,0
0,87,0,0,0
0,58,1,0,1
1,62,1,16,1
1,77,1,3,1
0,69,1,0,0
0,91,1,1,0
1,78,0,3,1
0,85,0,0,1
0,93,1,0,1
1,94,1,3,0
0,45,1,3,1
0,87,1,11,1
1,86,1,11,1
0,76,1,4,0
0,84,1,0,1
1,95,0,1,1
0,77,0,1,1
1,80,1,0,0
1,77,1,7,1
0,93,1,1,1
1,93,1,0,1
0,76,0,3,1
0,67,1,1,0
0,58,1,3,1
1,87,1,2,1
0,91,1,0,0
0,57,1,0,1
0,89,1,9,1
1,91,0,2,1
1,82,1,8,1
0,78,0,2,0
0,73,1,5,0
0,83,1,2,1
0,75,0,0,1
1,93,1,1,1
1,71,1,8,1
0,83,1,2,0
0,77,1,0,0
0,87,1,0,1
1,92,1,2,1
0,55,1,2,1
1,81,0,0,1
0,75,1,21,1
0,71,0,2,1
1,89,1,5,1
1,78,1,19,0
1,91,1,3,1
1,71,0,3,0
1,58,1,9,0
1,94,0,1,1
1,64,1,2,0
1,90,1,2,0
0,60,0,1,0
1,94,1,1,1
1,78,1,3,0
1,78,0,3,1
0,58,1,0,0
1,89,1,28,0
0,89,1,2,1
1,72,0,1,1
1,80,1,9,0
0,66,1,4,1
1,80,1,21,0
0,86,1,0,1
0,82,1,1,1
0,83,0,2,1
1,90,0,4,1
1,89,0,0,1
0,82,0,4,1
1,77,1,20,1
1,90,1,1,1
0,66,1,0,0
1,89,1,9,1
0,79,1,1,1
1,93,1,1,1
1,93,0,0,1
1,87,0,0,1
0,92,1,0,1
0,86,1,4,1
0,88,1,0,0
1,91,1,0,0
0,80,1,0,1
0,92,1,3,1
1,84,1,5,1
0,70,1,5,1
0,57,1,1,1
1,92,1,0,1
0,80,1,0,1
1,90,1,7,1
0,94,1,0,1
0,79,1,2,1
1,61,1,1,0
0,54,1,13,1
0,92,0,2,1
0,71,1,0,0
0,42,1,7,1
1,81,1,3,1
1,90,1,1,1
0,54,1,0,1
1,90,1,3,1
0,71,1,2,0
0,84,1,1,0
0,71,0,0,0
0,66,1,1,0
0,60,1,0,0
0,69,1,1,0
0,78,1,0,1
0,83,1,1,0
0,74,1,0,0
0,64,1,1,1
0,88,0,1,0
0,73,1,7,1
1,80,1,5,1
0,86,0,0,1
0,84,1,1,1
1,91,1,2,1
1,77,0,0,0
0,79,1,5,0
1,93,1,1,1
0,69,1,1,1
1,92,0,2,0
1,85,1,6,1
0,84,0,0,0
1,69,1,3,0
0,90,0,2,1
1,83,1,4,1
0,58,1,0,0
1,70,0,4,1
1,90,1,14,1
0,76,1,11,1
1,63,1,22,1
0,92,1,0,1
0,86,1,5,0
1,67,1,19,1
1,63,1,0,0
0,89,1,1,0
0,61,1,1,1
0,84,1,0,1
1,81,1,0,1
1,79,1,5,1
0,81,0,0,1
0,49,1,11,1
0,55,1,1,0
0,77,0,4,0
0,81,0,1,1
1,87,1,2,1
1,85,0,9,1
1,88,1,11,1
1,90,1,3,1
0,71,1,5,1
1,77,1,11,0
0,61,1,13,1
0,71,1,4,1
1,88,1,4,1
0,84,0,1,0
1,87,1,6,1
1,75,1,9,1
1,77,1,4,0
1,92,1,3,0
0,89,1,0,1
0,88,1,1,1
0,86,0,0,0
1,89,1,0,0
0,56,1,1,1
1,85,0,1,0
0,81,1,8,1
0,76,1,0,1
0,76,1,2,1
1,55,1,22,1
1,85,1,4,0
0,57,1,9,1
1,61,1,0,0
1,81,1,2,1
0,56,1,1,0
0,63,1,1,0
1,89,1,11,1
0,61,1,2,1
1,82,1,0,0
1,79,1,6,1
0,75,1,1,1
0,78,1,1,0
1,72,0,5,0
0,77,1,0,0
0,75,1,0,1
0,62,0,3,0
0,54,1,1,0
0,77,1,2,0
1,72,1,4,1
1,70,1,0,0
1,91,1,6,1
1,72,0,0,0
0,86,0,2,1
0,86,1,5,1
0,76,1,12,1
1,71,0,2,1
0,72,1,0,1
0,89,0,0,0
1,82,1,7,1
1,93,1,0,1
0,79,0,1,0
0,77,1,0,1
0,81,0,2,1
0,63,0,4,1
0,75,1,3,1
1,79,1,5,0
0,74,1,3,1
1,82,1,17,1
1,96,1,4,1
1,82,1,3,1
0,77,1,0,0
1,82,1,10,1
1,67,1,5,0
0,91,0,0,0
1,51,1,10,1
1,76,1,16,1
1,82,1,6,0
1,83,1,4,1
0,91,1,0,1
0,76,1,1,0
0,67,0,0,0
1,81,1,1,1
0,92,1,1,1
0,88,1,1,0
1,74,1,0,0
1,78,1,14,1
0,49,0,0,0
1,70,1,4,0
0,92,0,0,0
0,80,1,0,0
0,76,0,0,1
1,88,0,4,1
1,94,1,0,0
0,65,1,0,1
0,58,1,7,1
1,62,1,2,1
1,89,1,2,0
0,80,1,5,1
1,81,1,1,0
0,93,1,1,1
0,68,1,9,1
1,92,1,2,0
0,57,1,1,0
1,92,1,2,1
1,66,0,1,0
0,74,1,21,1
0,84,0,1,1
1,93,1,4,0
1,75,0,22,1
1,87,1,13,1
1,81,0,0,0
0,90,1,0,1
1,71,1,0,1
0,69,0,0,0
0,63,1,3,1
1,79,0,2,1
1,83,1,9,0
0,87,1,0,0
0,82,1,1,1
0,65,1,0,0
0,85,1,2,1
1,91,1,2,1
0,84,1,6,0
1,59,1,12,1
0,84,1,0,0
1,80,1,13,1
0,58,1,2,1
0,81,1,4,1
0,86,1,1,0
0,85,1,1,1
0,76,1,0,0
0,77,1,0,1
1,81,0,0,0
0,84,1,0,1
0,63,1,19,1
0,49,1,7,0
0,82,0,1,0
1,76,1,5,1
0,79,1,1,1
0,57,1,1,1
0,88,1,1,1
1,91,0,7,0
1,78,0,4,0
1,81,0,2,1
1,79,1,3,1
0,81,1,0,1
0,67,1,0,0
0,61,0,0,0
0,83,1,6,1
1,79,1,1,0
1,78,0,1,1
0,89,0,0,0
0,62,1,10,1
1,91,1,3,0
0,80,1,7,0
1,63,1,6,1
1,90,1,8,1
1,82,1,0,1
1,71,1,8,1
0,69,1,20,0
1,72,1,10,0
1,92,1,1,1
0,65,1,4,1
1,72,1,0,1
1,74,1,0,0
1,89,1,2,1
1,89,1,0,0
0,91,1,0,1
1,93,1,2,1
0,83,1,3,0
0,86,0,0,0
1,90,1,11,1
0,69,1,0,1
1,91,1,2,0
1,75,1,7,1
0,89,1,2,1
0,90,1,1,1
0,68,1,1,1
0,67,1,3,1
1,60,1,2,0
1,92,1,1,0
0,80,0,0,0
1,81,1,0,0
0,87,1,1,0
1,85,1,16,1
0,80,1,3,0
0,82,1,1,1
0,85,1,0,0
1,89,0,2,0
1,80,1,16,1
0,59,0,1,1
1,87,1,0,1
0,88,1,0,0
1,75,1,19,1
0,90,1,1,1
0,85,1,0,0
1,83,0,3,1
1,64,1,13,1
1,89,1,2,1
1,83,1,4,1
0,83,1,0,0
0,88,1,2,1
0,60,1,2,1
1,81,1,14,1
1,92,1,0,0
0,79,1,8,1
1,84,0,4,1
0,89,1,0,1
0,89,1,0,1
1,70,1,0,1
1,85,0,2,1
1,68,1,2,1
0,61,1,0,0
1,90,1,2,1
1,62,0,2,1
1,87,1,0,0
0,73,1,0,1
1,93,0,0,1
0,90,1,1,1
0,76,1,8,1
0,91,1,0,0
0,72,1,0,1
0,82,1,4,1
1,90,1,3,0
1,90,1,5,1
1,88,1,4,1
1,64,1,9,1
0,82,0,3,0
0,74,1,13,1
1,89,1,1,0
0,72,1,1,1
0,87,1,2,1
1,91,1,0,1
1,77,1,22,0
1,82,1,1,0
1,76,1,2,0
1,62,1,4,0
0,85,1,2,1
1,86,1,7,0
0,65,1,0,0
0,64,1,0,1
1,88,1,2,1
1,80,0,0,1
0,86,0,1,1
1,78,1,4,1
1,69,1,1,1
1,84,1,0,1
1,90,1,3,1
1,89,1,0,0
1,89,1,4,0
0,69,1,2,1
1,88,1,1,1
0,77,1,2,1
0,90,1,0,0
0,74,1,2,0
0,54,1,1,0
0,81,0,0,1
0,83,1,6,1
0,61,1,18,1
0,59,1,0,0
0,78,1,4,0
1,84,1,6,1
1,93,1,1,1
0,59,1,0,0
1,92,1,1,1
0,91,0,1,1
1,90,0,7,0
1,74,0,13,1
1,57,1,9,1
1,81,1,0,0
0,82,1,2,1
0,67,1,3,1
1,63,1,6,0
0,92,1,1,1
0,67,1,2,1
1,86,1,1,1
1,93,1,1,1
0,86,1,5,1
1,70,0,1,0
1,89,1,0,1
0,80,1,4,0
0,49,1,0,0
1,81,1,5,1
0,91,0,0,0
0,70,0,0,0
1,93,1,1,1
0,90,1,1,0
0,63,1,1,0
1,93,0,0,1
0,75,1,6,1
1,85,1,29,1
0,90,1,1,1
1,91,0,0,1
1,83,1,11,1
0,79,0,0,0
0,84,1,0,1
0,80,1,8,1
0,75,0,4,1
0,85,1,6,0
0,63,1,0,0
0,92,1,1,1
0,85,1,2,1
1,79,1,8,1
1,82,1,6,1
1,81,1,3,0
1,56,1,5,1
0,60,1,0,1
0,84,1,3,1
1,81,1,2,1
1,90,1,0,1
0,66,1,10,1
0,91,1,0,0
1,91,1,2,1
0,67,1,1,0
0,93,1,0,1
1,85,1,0,0
0,66,1,2,1
1,77,1,4,0
0,64,1,3,1
1,95,1,3,1
0,75,1,2,0
0,65,1,13,1
0,56,1,2,1
0,83,1,6,1
0,91,1,1,0
1,91,0,0,1
1,83,1,17,1
1,81,1,0,1
0,57,1,6,1
0,83,0,0,0
0,57,1,19,1
0,57,1,12,0
1,85,1,6,0
1,84,1,0,0
0,69,1,11,1
0,72,1,0,1
0,66,1,7,1
1,85,1,12,1
0,91,1,0,1
0,86,0,0,1
0,73,1,3,1
1,89,1,1,0
0,80,0,3,0
1,61,1,26,1
1,86,0,1,1
0,87,1,0,1
0,75,1,4,1
0,59,0,6,1
1,87,1,4,1
1,84,1,7,1
1,83,1,15,0
1,94,1,1,0
1,88,1,2,1
1,70,1,7,1
1,81,1,17,1
1,80,1,0,1
0,87,1,0,0
1,93,1,1,1
0,85,1,4,1
0,87,1,7,1
0,90,0,0,1
1,85,1,0,1
0,94,1,0,1
0,91,0,0,1
0,66,0,0,0
1,80,1,0,0
1,68,1,1,0
0,73,0,3,1
1,88,1,3,1
1,77,1,11,1
0,60,0,7,1
0,89,0,5,0
0,92,0,2,1
0,82,1,7,1
0,70,1,0,0
0,86,1,1,1
0,54,1,3,0
0,65,1,0,1
0,82,1,9,1
1,84,1,10,0
0,62,1,0,1
0,87,0,1,0
0,80,1,0,1
1,59,1,5,1
0,77,1,6,0
0,81,1,0,0
1,92,1,0,1
0,87,0,0,0
1,94,1,0,1
0,81,1,0,1
0,88,1,0,0
0,85,1,0,0
0,82,1,1,0
0,77,1,4,0
0,83,1,15,1
1,85,1,6,1
0,83,1,6,1
0,78,0,2,1
0,79,1,4,0
0,77,0,1,1
1,80,1,5,0
1,94,1,1,0
1,64,0,12,0
1,90,1,8,1
1,85,1,8,0
0,69,0,1,1
1,80,1,2,1
0,44,1,0,0
0,88,1,2,1
0,91,1,4,1
0,87,1,5,0
1,70,1,6,1
1,91,1,2,0
0,88,1,0,0
0,91,0,2,0
1,87,1,3,1
0,68,0,1,1
0,87,0,1,1
0,69,1,7,1
0,72,1,1,0
1,90,0,3,0
1,94,1,2,1
0,65,1,3,1
1,85,1,8,0
0,85,1,0,1
0,62,0,1,1
1,77,1,4,0
0,88,1,1,0
1,61,1,15,1
0,67,1,1,1
1,76,1,0,0
0,89,1,1,1
1,93,1,1,1
0,66,1,0,0
0,74,0,1,1
0,90,0,0,1
1,92,1,0,1
0,78,1,4,0
0,76,1,2,0
1,91,1,0,1
0,60,1,2,0
0,90,1,1,1
1,70,0,0,0
1,91,0,2,1
0,50,1,0,0
1,76,1,5,0
0,69,0,0,0
0,65,1,1,1
0,69,0,3,1
0,81,1,0,0
0,70,1,2,1
0,63,1,3,1
0,64,1,0,1
0,81,1,2,0
0,60,0,0,0
1,86,1,3,1
0,81,1,14,1
1,72,1,17,0
0,80,1,3,1
1,76,1,2,1
1,93,1,1,1
0,81,1,5,1
1,82,1,9,0
0,69,1,1,0
1,84,1,1,1
0,85,0,0,1
0,70,1,3,0
1,63,0,0,0
0,86,0,0,1
0,87,1,1,1
1,86,1,16,1
0,84,0,0,1
0,82,1,0,0
0,87,1,5,1
1,93,1,1,1
0,93,1,0,1
1,80,0,0,1
1,90,1,7,1
0,82,1,0,0
1,76,0,5,1
0,58,1,3,0
0,70,0,0,0
1,83,1,1,0
0,89,0,6,1
0,94,0,0,0
0,79,1,1,0
1,81,1,1,1
0,90,1,0,0
0,74,0,2,0
1,87,1,9,1
0,93,0,2,0
1,76,1,9,1
1,94,1,0,1
1,84,1,9,1
1,78,1,9,1
1,91,1,2,0
1,75,1,21,1
0,82,1,3,0
1,85,1,3,1
1,56,1,2,0
0,91,1,2,1
1,91,1,3,0
0,46,0,5,1
0,88,0,2,0
1,63,1,0,1
0,89,1,0,0
1,74,1,5,1
0,63,1,14,1
1,87,1,2,0
1,65,1,11,0
0,78,1,0,0
0,86,1,5,0
0,94,1,0,1
1,93,1,2,1
0,83,0,0,1
0,57,1,0,0
1,53,0,8,1
1,79,1,3,1
1,60,1,3,1
0,75,1,0,1
0,90,1,1,1
1,85,0,0,1
1,66,1,8,1
1,84,1,6,0
1,88,1,10,1
0,78,1,2,1
1,77,1,12,1
1,88,1,4,1
1,85,1,7,0
1,88,1,1,0
0,54,1,2,1
1,87,1,2,1
1,73,1,16,1
0,92,1,1,1
0,86,1,3,1
1,81,1,13,1
0,86,1,2,1
1,59,1,0,0
1,93,1,6,1
1,86,1,2,1
0,92,0,0,0
1,85,0,6,1
0,69,1,5,1
1,90,1,2,0
1,64,1,12,1
1,90,1,1,0
0,67,1,1,1
0,57,1,1,0
0,60,1,6,1
0,72,0,0,0
0,79,1,5,1
1,84,1,0,1
0,61,1,1,1
0,83,0,2,0
0,31,1,4,1
0,68,1,15,1
1,83,1,0,1
0,91,1,4,1
0,67,1,9,1
0,83,1,4,1
0,64,1,0,0
1,90,1,9,0
0,92,0,2,1
0,69,1,1,0
0,84,0,2,1
1,84,1,5,0
0,78,1,4,0
1,71,0,22,0
0,64,1,0,0
1,90,0,2,1
0,72,0,3,1
1,85,0,1,1
0,86,0,2,1
0,83,1,0,0
1,89,1,5,1
0,78,1,4,1
1,90,1,1,0
0,86,1,5,1
1,83,1,0,0
0,91,1,0,1
1,85,1,4,0
1,63,1,11,0
0,80,1,1,1
1,85,1,12,1
1,75,1,13,1
0,78,0,0,0
1,55,1,15,0
1,91,1,3,1
0,83,1,15,1
0,61,1,0,0
0,80,1,12,1
0,51,0,1,1
1,93,1,0,1
1,93,0,0,1
1,67,1,28,1
1,80,1,7,1
0,71,1,1,0
1,56,1,4,1
1,74,0,4,1
1,78,1,16,1
0,91,0,0,0
1,80,1,5,1
0,58,1,13,1
0,62,0,0,1
0,58,1,0,1
0,77,0,0,0
0,64,0,0,0
1,89,1,1,1
1,92,1,0,1
1,71,0,0,0
0,84,1,1,0
0,85,1,0,1
0,90,1,0,1
1,85,1,7,0
0,87,0,3,1
0,90,0,0,1
0,40,0,0,1
1,87,1,8,0
1,77,1,1,1
1,75,1,8,1
0,85,1,5,1
1,89,1,0,0
0,79,0,5,1
1,85,1,1,0
0,78,1,1,1
1,53,1,13,1
0,88,1,2,1
0,86,1,1,0
0,88,0,1,1
1,75,0,11,1
1,92,1,3,1
0,86,1,0,1
1,63,1,1,1
0,79,0,0,0
0,91,0,0,0
1,85,1,6,1
1,94,1,0,1
1,90,1,1,0
0,91,0,2,0
0,81,0,5,1
1,93,1,1,1
0,55,1,3,0
1,88,1,4,1
0,78,1,0,0
0,76,1,2,1
1,95,1,5,0
0,86,1,2,1
1,91,1,2,1
1,93,1,1,1
1,62,1,0,0
1,58,1,12,1
0,74,1,1,0
1,66,0,8,0
0,90,1,2,0
0,88,0,0,1
0,55,1,5,0
1,48,1,1,1
0,60,0,6,1
1,83,1,4,0
0,80,1,0,1
1,89,1,9,1
0,67,1,2,1
1,63,1,12,1
0,89,1,1,1
1,89,1,0,1
1,83,0,2,1
1,70,1,2,1
0,78,1,1,1
0,37,1,3,1
0,65,1,0,0
0,83,1,0,1
0,84,1,1,1
1,85,1,3,1
1,61,0,6,1
1,93,1,1,1
0,93,1,0,1
1,87,0,1,1
0,49,0,0,1
0,55,0,0,0
0,55,1,0,0
0,90,1,0,0
0,74,1,0,1
1,63,1,0,1
1,80,1,10,1
1,84,1,1,1
0,62,1,1,1
1,85,1,1,1
1,90,1,15,1
1,76,1,2,1
0,92,0,0,1
0,71,1,0,1
1,82,1,5,1
0,59,1,0,1
0,88,1,2,1
0,91,1,1,0
0,67,0,0,1
1,86,1,1,0
1,87,1,0,1
1,53,1,2,1
0,88,1,0,1
0,73,1,1,0
1,86,0,1,0
1,71,1,0,1
0,84,1,3,1
1,81,1,21,0
0,93,1,0,0
0,82,0,0,0
1,92,1,1,1
0,63,1,3,1
1,94,1,2,1
0,79,1,2,1
0,77,0,3,1
1,86,1,0,0
1,73,1,3,0
1,90,1,0,0
0,81,0,3,0
1,89,1,4,1
0,84,0,4,1
1,94,1,1,1
0,72,0,1,1
1,74,0,15,1
1,75,1,0,1
0,93,1,0,1
1,75,1,2,1
0,90,1,0,1
0,73,1,0,1
0,75,1,1,1
0,90,0,3,1
0,90,0,1,1
1,85,1,0,0
0,75,1,35,1
1,89,1,2,0
1,91,0,0,1
1,92,1,1,1
1,88,0,4,0
1,88,1,3,0
1,90,0,3,0
0,70,1,0,0
1,78,1,1,1
1,75,1,10,1
0,72,1,0,1
0,69,1,1,0
1,89,1,7,1
0,86,0,7,1
0,81,1,0,1
0,89,1,0,0
0,82,1,5,1
0,91,1,0,1
0,75,1,0,0
1,87,1,12,1
0,79,0,4,0
0,91,1,1,1
0,76,0,0,0
0,84,1,4,1
0,84,1,1,1
0,84,0,0,0
1,88,1,18,1
0,83,1,2,1
0,73,0,1,0
0,80,1,0,1
0,89,0,0,0
0,88,0,1,1
1,76,1,2,1
0,77,0,0,0
0,80,1,3,0
1,70,1,7,1
0,76,0,0,1
0,83,0,0,0
0,85,0,0,0
1,94,1,1,1
0,92,1,0,1
0,63,0,0,0
1,90,1,2,0
1,67,1,0,1
1,78,0,1,1
0,93,1,1,0
1,89,1,3,0
1,91,1,5,1
0,91,1,0,0
0,90,0,0,0
1,79,1,2,1
0,91,0,0,0
1,95,0,0,0
1,82,1,0,1
1,75,0,0,0
1,84,1,12,1
0,81,1,2,1
1,94,1,0,0
0,78,0,0,0
0,53,1,1,1
1,85,1,8,1
0,74,0,0,1
0,61,1,4,1
0,86,0,0,0
0,76,1,2,0
1,87,1,9,1
0,59,1,0,1
0,92,1,1,0
0,80,0,1,1
0,59,1,1,0
0,90,1,2,1
1,67,0,21,0
0,73,1,0,0
0,73,1,0,1
0,53,1,12,1
0,57,1,3,1
0,76,0,2,0
1,89,1,13,1
1,91,1,0,1
0,91,1,3,1
0,94,1,0,1
0,70,1,1,1
0,76,0,1,0
1,58,1,5,1
1,71,1,2,1
1,92,1,0,1
1,83,1,6,1
0,82,1,0,1
0,85,1,0,1
1,92,1,1,1
1,91,1,3,1
0,90,1,1,1
0,69,1,0,0
0,93,1,2,1
0,85,0,0,0
1,63,0,0,0
1,78,1,2,0
0,89,1,1,1
0,68,1,13,1
1,52,1,22,1
1,89,1,0,1
0,87,1,2,1
0,65,1,0,0
1,92,0,3,1
1,80,0,9,0
0,77,1,1,1
1,93,1,0,1
1,63,1,3,0
1,75,0,2,1
1,71,1,8,1
1,92,1,0,0
0,86,0,4,1
1,71,1,0,1
1,87,1,7,1
1,87,1,0,1
1,83,1,1,1
0,86,0,0,0
0,56,1,3,0
1,92,1,0,1
1,93,1,0,0
0,83,1,5,1
0,81,1,0,1
1,88,1,6,0
0,91,0,1,0
0,82,1,11,1
0,57,1,2,1
0,92,1,0,1
0,79,0,2,1
1,67,1,1,1
0,79,1,2,1
1,85,1,17,1
0,60,0,1,0
0,85,1,0,1
1,86,0,0,0
1,63,1,17,1
0,78,0,0,0
1,79,1,3,0
1,94,1,1,1
0,89,1,0,1
0,85,1,2,0
1,83,1,0,1
0,52,1,4,1
0,75,1,0,0
1,84,1,1,1
0,91,0,0,1
0,91,0,1,1
0,77,0,0,0
1,84,1,21,1
1,81,1,18,1
1,94,1,0,0
0,53,0,1,1
1,84,1,9,1
0,91,1,1,1
1,87,0,0,1
0,76,1,10,0
0,72,1,1,1
0,83,1,0,1
1,91,1,2,1
1,83,1,1,1
1,71,1,1,0
0,75,1,0,1
0,83,1,0,0
1,92,1,3,1
0,81,0,0,1
1,93,1,1,1
1,91,1,1,1
0,85,0,0,1
0,52,1,2,1
1,58,0,1,1
1,90,0,4,1
0,70,0,0,0
1,92,1,2,1
1,86,0,4,1
0,84,1,0,1
1,82,1,1,0
0,63,1,3,1
0,93,1,0,1
1,93,1,2,1
1,87,1,3,1
0,86,1,0,1
0,83,0,0,1
1,81,1,0,0
0,65,0,2,1
0,73,0,2,1
0,94,1,0,0
1,83,1,10,1
1,89,1,5,1
1,91,1,4,1
0,88,1,0,0
1,69,0,6,1
0,86,1,1,0
1,86,0,13,1
1,75,1,0,1
1,55,1,1,1
0,62,1,4,0
0,78,1,1,0
0,60,1,5,1
1,82,1,0,1
0,60,1,3,0
1,84,1,2,1
1,93,0,0,0
1,89,1,2,0
1,88,1,1,1
0,92,1,0,1
1,53,1,20,0
0,90,1,2,1
0,82,1,2,1
1,88,0,2,1
0,80,0,6,1
1,69,1,12,0
1,92,1,1,1
1,60,1,4,1
0,63,1,8,0
0,86,1,0,1
0,91,1,0,1
1,84,1,0,1
1,89,1,0,0
0,89,1,2,1
0,86,1,2,1
1,82,0,0,0
0,79,1,7,1
1,65,1,0,0
1,78,1,5,1
1,81,1,16,0
0,84,1,1,1
0,56,0,1,0
0,92,1,2,1
1,86,1,2,1
1,86,1,0,0
1,88,1,6,1
1,78,0,3,1
0,91,1,0,1
1,92,1,0,1
1,89,1,10,1
0,88,1,0,1
0,89,1,1,1
1,88,1,7,1
0,74,1,2,0
1,86,1,0,0
0,74,1,1,0
0,58,1,1,1
0,63,1,3,1
0,78,1,0,1
0,63,1,0,0
0,89,1,2,1
0,92,1,1,0
0,79,0,9,1
1,90,1,0,0
1,48,1,5,0
1,87,1,6,0
1,92,1,2,1
0,71,1,2,1
0,92,1,2,1
1,83,1,4,0
1,91,0,4,0
1,87,0,0,0
1,83,1,8,1
1,53,1,29,1
0,89,1,3,1
0,62,0,0,0
0,79,1,0,1
0,90,0,0,1
1,64,1,13,0
0,57,1,0,1
0,76,1,2,1
0,92,1,1,1
0,88,1,1,0
0,89,1,8,1
1,94,1,3,1
0,80,1,2,1
1,89,1,11,0
0,90,0,0,1
0,90,1,4,1
1,65,1,4,0
1,87,1,15,1
1,86,1,10,1
1,81,1,15,0
0,59,1,0,1
0,89,1,1,1
1,67,1,3,0
1,59,1,10,0
1,92,1,0,1
0,82,1,9,1
0,59,1,0,1
0,91,1,3,0
1,60,1,2,1
0,74,1,0,1
1,87,1,0,0
1,78,1,4,0
0,85,0,5,1
0,69,0,0,0
0,89,1,2,0
1,74,1,4,1
1,76,1,7,1
0,57,1,3,1
1,88,1,3,1
0,77,0,0,1
1,72,0,0,0
0,73,1,1,1
0,81,0,0,1
0,57,1,1,1
0,80,1,3,0
1,85,1,1,1
0,69,1,8,1
0,92,1,1,1
1,92,0,0,0
1,72,1,5,1
0,93,1,0,0
0,58,1,1,0
0,66,1,4,1
0,87,1,1,0
1,87,1,2,1
0,80,1,1,1
1,91,1,5,1
1,67,1,3,1
1,81,1,6,0
0,56,1,1,1
0,81,0,1,1
0,74,0,2,0
0,92,1,0,1
0,75,1,2,1
0,84,1,2,1
0,91,0,3,1
0,79,1,1,1
0,92,1,0,0
1,71,1,7,1
0,77,1,4,0
0,76,1,14,1
1,88,1,2,1
0,54,1,0,1
0,75,0,1,1
1,78,1,16,0
0,89,1,1,0
1,93,1,0,0
1,86,0,1,1
0,44,0,0,1
1,89,1,3,0
0,61,1,6,1
0,77,1,0,1
1,93,1,1,1
0,86,1,1,1
0,93,1,1,1
0,82,1,2,1
0,58,1,0,1
0,84,1,3,0
1,87,1,0,1
1,77,1,6,1
0,87,1,1,1
1,73,1,7,0
1,84,0,7,0
1,82,1,7,1
0,88,1,7,1
0,83,1,0,0
0,82,1,3,1
1,80,0,5,1
0,68,1,3,1
1,90,1,1,1
1,82,1,7,1
1,71,1,6,1
0,64,1,3,1
1,84,1,4,1
0,77,1,3,0
1,83,1,12,1
0,77,1,1,1
0,93,1,1,1
0,39,1,1,1
0,74,1,3,0
0,61,0,0,0
1,83,1,6,0
0,81,1,4,0
1,91,1,2,1
0,92,0,0,0
1,87,1,2,0
1,89,1,5,0
0,90,1,2,1
1,90,0,2,1
0,88,0,1,1
0,58,1,9,1
1,88,0,3,1
1,88,1,7,0
1,94,1,0,1
1,87,1,4,0
1,90,1,1,1
1,88,1,8,1
0,88,1,5,0
1,60,1,0,1
0,49,1,3,1
1,81,0,5,0
0,50,1,13,0
0,90,1,0,1
0,79,1,29,1
0,57,0,0,0
0,68,0,0,0
0,58,1,16,1
0,75,0,0,0
0,46,1,4,0
1,92,0,5,1
1,86,1,1,0
1,75,1,19,0
0,76,1,0,0
0,89,0,3,0
0,89,1,2,1
1,93,1,3,1
0,83,1,2,1
1,81,1,3,1
1,88,1,20,1
0,83,1,2,1
0,79,0,13,1
0,80,1,19,0
1,73,1,31,1
0,57,1,0,0
0,72,0,1,1
1,88,1,9,1
0,90,1,1,1
1,78,1,2,1
1,73,1,24,1
0,87,1,0,1
1,56,0,0,1
1,69,1,3,1
0,80,1,5,1
0,64,1,0,0
1,89,1,6,1
1,90,1,2,0
0,75,1,2,0
0,87,1,2,1
0,89,1,3,1
1,84,1,2,0
1,92,1,3,1
0,87,1,0,1
1,94,1,0,1
1,73,1,19,1
0,84,1,0,1
0,90,1,3,1
0,75,1,0,0
1,82,1,6,1
1,82,0,3,1
1,85,0,0,1
1,77,1,0,1
1,88,1,24,1
1,90,1,2,1
0,84,1,2,1
1,94,1,4,1
1,89,1,1,0
1,83,0,0,1
1,89,1,0,0
1,73,1,0,1
0,89,1,0,1
1,89,1,2,1
1,92,1,1,1
0,89,0,0,1
0,76,1,0,0
0,74,1,0,1
0,65,0,4,0
0,79,0,2,0
1,93,1,0,0
0,89,1,0,1
0,93,1,1,1
0,90,0,2,1
0,69,1,1,1
1,90,0,11,0
0,86,1,3,1
0,80,0,1,0
1,80,1,4,1
0,57,1,8,0
1,74,1,15,1
1,92,1,2,0
1,77,1,3,0
0,71,0,0,1
1,88,1,5,1
1,90,1,2,1
0,91,1,1,1
1,58,1,1,1
1,91,1,2,1
0,71,1,12,1
0,82,1,0,0
1,93,1,0,1
0,63,1,2,1
1,94,1,0,0
0,75,1,1,1
1,72,1,17,1
0,56,1,1,0
0,86,0,1,1
0,84,0,2,0
1,86,1,4,0
1,85,1,6,1
1,90,0,9,0
1,92,1,1,1
1,87,0,3,1
0,64,1,1,1
0,84,1,5,0
1,86,1,0,1
1,93,1,3,1
0,88,1,2,0
0,63,0,0,1
0,93,1,1,1
1,85,1,0,1
0,71,1,0,0
0,92,1,1,1
1,62,1,0,1
0,78,1,0,1
0,90,1,0,1
0,88,1,5,1
0,87,1,8,0
1,95,1,0,0
0,88,1,2,1
0,90,1,1,1
0,85,0,0,1
1,85,0,20,1
1,76,1,1,1
0,80,1,5,1
0,91,1,2,1
1,88,1,0,1
0,85,0,1,0
0,90,1,1,1
1,83,1,1,1
0,64,1,0,1
0,90,0,0,0
0,83,0,0,1
1,78,1,13,1
1,82,1,13,0
0,51,1,1,0
1,72,1,1,0
0,92,1,0,1
1,88,1,5,1
1,88,1,10,1
1,84,1,3,0
1,61,1,3,0
1,91,1,2,1
0,92,1,0,1
0,87,1,0,0
0,93,0,0,0
1,72,1,2,1
1,83,1,4,1
0,34,1,0,0
0,56,1,1,0
0,46,1,6,0
0,91,1,1,1
1,78,1,4,1
0,90,1,0,1
0,73,1,2,1
1,93,1,0,1
1,88,1,3,0
1,84,0,8,1
1,75,1,0,0
0,78,1,1,1
1,93,1,0,1
0,83,0,1,0
1,94,0,0,1
0,65,1,4,0
0,90,1,0,1
1,94,1,0,1
0,70,1,1,0
0,89,0,1,1
1,73,1,11,1
0,89,1,1,1
0,70,1,0,0
0,81,1,0,1
1,94,1,0,1
1,93,1,1,1
0,70,1,3,1
1,91,1,1,1
1,79,1,0,0
0,73,0,0,0
0,84,1,1,1
0,91,0,0,0
1,78,1,7,1
1,88,1,1,1
0,82,0,0,1
0,88,1,2,1
1,91,1,0,0
0,71,0,9,0
1,84,1,3,1
1,70,1,1,1
1,77,1,1,1
0,75,1,1,1
1,77,1,2,1
0,65,0,1,1
1,83,1,6,1
0,51,1,5,0
1,48,0,11,1
1,95,1,2,1
0,90,1,3,1
0,93,1,2,0
0,66,0,0,1
0,77,1,0,1
1,93,1,0,0
1,83,1,1,1
0,94,0,0,0
0,50,0,0,0
0,92,1,0,0
0,71,1,8,1
1,89,1,3,1
0,81,1,10,1
0,88,1,1,1
0,81,0,1,0
0,89,1,3,1
0,84,0,3,0
0,94,0,3,0
0,70,1,0,1
0,83,1,0,1
1,64,1,9,0
1,81,1,16,1
0,64,0,1,0
1,83,1,1,1
0,89,0,0,0
0,71,0,2,0
1,63,0,2,1
1,87,1,0,0
0,80,1,2,0
0,70,1,0,1
1,83,1,6,0
1,84,1,14,1
1,88,1,2,1
1,94,1,4,1
1,73,1,1,1
0,59,0,0,0
0,85,1,6,1
0,83,1,0,0
1,83,1,11,1
0,62,1,0,1
0,55,1,0,0
1,65,1,1,0
1,78,1,11,0
0,91,0,1,1
1,68,1,26,1
1,55,1,2,0
0,63,1,1,1
0,80,1,0,1
0,82,1,0,1
0,60,1,1,1
1,90,1,3,1
1,79,1,16,1
1,82,1,0,0
1,92,1,0,1
0,78,1,0,1
0,53,1,0,0
0,76,0,0,0
0,73,1,9,1
1,80,1,2,0
0,82,1,0,1
1,77,1,1,1
0,68,1,18,1
0,93,1,4,1
1,57,1,0,1
0,46,1,2,1
0,90,1,0,0
1,68,1,3,1
1,73,1,1,1
0,84,1,0,1
1,89,1,8,1
1,90,1,7,1
0,73,1,1,1
0,59,1,4,1
0,88,1,1,1
0,75,1,2,1
0,81,1,1,1
0,91,1,0,1
1,67,0,28,1
0,63,0,0,1
0,78,1,1,0
0,57,1,0,0
0,71,1,0,0
1,88,1,4,1
0,67,1,0,0
0,54,1,1,1
1,90,1,0,0
1,94,1,0,1
1,75,1,3,0
0,86,0,0,0
1,86,1,7,1
1,56,1,2,0
0,47,1,2,1
0,60,1,1,1
0,88,0,1,1
1,90,0,2,1
0,80,0,0,0
0,66,1,1,1
0,77,1,0,1
1,86,1,8,1
1,68,1,14,1
0,69,1,2,0
1,94,1,2,1
0,62,1,0,0
0,85,1,0,0
1,80,1,11,1
1,90,1,0,1
1,86,1,6,1
1,86,1,2,1
0,85,1,0,1
0,59,0,2,1
0,46,1,0,0
1,92,1,0,1
1,90,1,3,1
0,94,1,0,1
0,91,1,0,0
1,70,1,6,1
1,80,1,8,1
1,59,1,0,0
1,91,0,0,1
1,91,0,3,1
0,90,1,0,1
0,37,1,0,0
0,62,1,3,0
1,80,1,8,1
0,75,1,0,1
1,84,1,2,0
1,61,1,5,0
1,84,1,3,0
1,88,1,0,1
0,63,0,1,0
0,80,1,2,1
0,91,1,0,1
0,82,1,2,1
0,76,1,8,0
1,93,1,0,1
1,80,1,5,1
1,61,1,8,0
0,80,1,1,1
0,86,1,1,0
1,89,1,5,1
0,60,1,1,0
1,89,1,2,0
1,89,1,3,1
0,80,1,1,0
1,68,1,0,1
1,92,1,0,1
1,91,0,2,1
1,87,1,1,0
0,69,1,7,1
1,68,1,12,1
1,83,0,9,1
0,69,1,1,0
0,86,1,12,1
1,90,1,1,1
1,86,0,6,0
0,73,1,2,1
1,79,1,3,0
1,94,1,1,1
1,82,1,19,1
0,86,1,2,1
1,81,1,7,1
1,88,1,8,1
1,92,1,1,0
0,89,0,4,1
1,93,1,0,1
0,91,0,1,0
1,84,1,2,1
1,45,1,6,0
1,89,1,11,0
0,58,0,2,1
1,87,1,0,0
1,81,1,3,1
0,79,1,3,0
1,80,1,13,1
1,77,1,2,1
1,59,0,0,1
0,71,1,1,0
1,87,1,27,0
0,88,1,7,1
1,72,0,4,0
0,87,1,0,0
0,73,1,1,1
1,93,1,2,0
1,84,1,4,0
0,84,1,1,1
1,69,0,0,1
1,91,1,2,1
1,83,0,2,1
1,74,1,8,0
0,81,1,1,1
1,74,1,11,0
0,58,1,1,1
1,93,1,0,0
0,92,1,1,1
0,63,1,4,1
0,78,1,0,0
1,89,1,3,1
0,84,1,0,0
0,93,0,0,1
1,89,1,2,1
0,76,1,0,1
1,86,1,3,0
1,73,1,3,0
1,92,0,0,1
1,85,1,8,1
1,93,1,0,1
0,74,0,2,1
1,67,1,12,1
0,77,1,2,1
0,77,0,0,1
1,91,0,2,1
0,59,1,0,1
1,95,1,1,1
1,88,1,1,1
1,89,1,4,1
0,89,1,0,0
0,66,1,3,1
1,75,1,17,1
1,78,1,0,1
0,88,1,6,0
1,63,1,8,0
0,94,1,0,1
0,71,0,0,0
1,92,1,0,1
1,90,0,0,0
0,79,1,2,1
1,57,1,12,1
1,89,1,6,0
0,59,1,0,0
0,62,0,0,0
0,81,0,0,0
0,84,1,0,1
1,82,1,3,1
1,94,1,5,1
0,47,1,8,1
0,83,1,7,0
1,93,1,0,1
0,84,1,4,0
0,59,1,0,0
0,89,1,0,1
0,89,1,0,1
0,67,1,17,1
1,87,1,10,1
0,92,1,0,1
0,77,1,8,1
1,46,1,7,1
0,77,1,0,1
0,72,0,1,1
1,92,1,5,0
0,84,1,4,0
0,80,1,1,0
0,86,1,0,0
1,77,1,4,0
1,73,0,8,1
0,62,1,0,0
0,78,1,2,0
0,88,1,2,1
0,90,1,0,1
0,87,1,0,1
0,77,0,0,0
0,83,1,1,1
0,77,1,1,1
1,91,1,3,1
0,56,1,5,0
1,52,0,1,0
0,73,0,0,1
0,81,1,0,0
0,81,1,0,0
1,81,1,12,1
1,73,1,14,1
0,92,1,0,1
1,88,1,3,1
0,81,0,0,1
0,89,1,0,0
1,77,1,0,0
1,91,1,11,1
1,77,1,8,1
0,93,1,0,0
1,69,1,21,1
0,77,1,13,1
0,90,1,2,0
0,79,1,0,1
1,92,0,0,1
1,85,1,10,1
1,73,1,6,1
1,92,1,3,1
0,80,1,5,0
1,59,1,18,1
1,74,0,3,1
1,77,1,8,1
1,63,1,19,1
1,88,0,1,1
0,68,1,2,0
0,73,1,0,1
1,83,1,9,1
0,89,1,2,1
0,87,1,1,0
1,83,1,13,1
0,91,1,0,0
1,62,1,7,0
1,85,1,6,1
1,74,1,10,1
0,65,0,0,1
0,65,1,8,1
1,90,1,3,1
0,73,1,7,0
1,87,0,3,0
1,74,1,1,1
1,67,1,0,0
1,94,0,0,1
1,93,1,2,0
1,70,1,8,0
0,73,1,0,0
1,83,1,5,0
0,72,1,1,0
0,47,0,0,1
0,72,1,1,0
0,89,1,0,1
1,87,1,6,1
0,71,1,2,0
1,91,1,6,1
1,87,1,13,1
0,91,1,2,1
0,81,1,2,1
0,73,1,0,0
0,83,0,1,1
1,91,0,2,0
1,93,1,2,1
0,61,1,5,1
0,78,1,1,0
0,56,1,10,0
0,52,1,0,1
0,89,1,4,1
1,63,1,15,1
0,68,1,2,1
1,86,1,4,0
1,90,1,2,1
0,82,1,6,1
0,58,1,13,0
1,91,1,2,1
0,89,1,1,1
0,88,1,2,1
0,56,0,0,0
1,81,1,3,1
1,55,1,8,1
0,70,1,5,1
1,94,1,0,1
1,57,1,0,0
1,77,1,1,1
1,71,1,0,1
0,78,0,1,0
0,55,1,0,0
1,79,1,4,1
1,85,1,5,1
0,93,0,0,0
0,86,1,0,0
1,80,1,5,0
0,72,0,16,1
1,93,1,3,1
1,45,1,1,1
0,65,0,1,0
0,90,0,0,0
1,87,1,4,1
0,59,0,1,0
1,95,1,3,1
1,90,1,7,0
0,75,1,1,0
0,93,1,1,1
1,86,1,0,1
0,80,1,4,0
0,87,1,2,1
0,77,1,12,0
0,74,1,1,1
1,78,0,4,1
0,91,1,0,1
1,80,1,19,1
1,87,1,5,1
0,64,1,1,1
0,92,1,1,1
1,71,1,1,1
1,85,1,0,0
1,64,0,1,1
1,53,1,1,1
0,80,1,1,1
0,58,1,1,1
1,83,1,16,1
0,93,1,0,1
1,91,1,1,1
0,69,1,1,1
1,90,1,1,0
0,84,1,1,1
1,82,1,17,1
0,53,1,0,0
0,87,1,3,0
0,87,0,2,0
0,73,1,2,0
0,54,1,0,0
0,91,1,1,0
0,74,1,0,0
0,84,1,0,1
0,94,0,1,1
0,94,0,0,1
0,66,1,0,1
1,90,1,0,0
0,84,1,5,0
1,94,0,0,0
0,89,1,0,0
0,76,1,0,0
1,85,1,0,1
1,76,0,1,0
0,87,1,1,1
1,93,1,0,0
0,90,1,1,1
1,61,1,3,1
1,78,1,4,1
1,50,1,8,0
1,91,1,0,0
0,88,1,3,0
0,66,1,0,1
1,87,1,6,1
0,93,1,0,1
1,94,1,0,1
0,77,1,17,0
1,63,1,8,1
1,67,1,2,1
1,85,1,2,0
1,87,1,2,1
0,69,1,16,1
1,73,1,0,1
1,83,1,3,0
0,86,1,9,1
0,85,0,1,1
0,75,1,1,1
0,81,1,0,1
1,93,0,1,1
0,66,1,0,0
0,87,1,3,0
0,90,1,0,1
0,90,0,0,0
1,85,1,3,0
0,81,1,3,1
1,93,1,0,1
0,83,0,14,1
0,82,1,1,1
0,52,1,0,0
1,75,1,3,1
0,58,1,2,0
0,86,1,6,1
1,88,0,6,1
1,90,1,5,1
0,63,1,0,0
0,63,1,1,1
0,86,1,7,1
0,78,0,1,0
0,75,1,0,1
0,76,0,0,0
0,91,1,1,1
1,86,1,5,0
1,85,0,7,1
1,94,1,6,1
0,76,0,0,1
0,85,1,0,0
0,80,0,1,1
1,85,1,11,1
0,80,1,8,0
1,88,1,6,1
0,56,1,0,1
1,77,1,6,1
0,91,1,1,1
1,66,1,0,0
0,53,1,9,1
1,84,1,1,1
0,70,1,0,1
0,88,1,3,1
1,68,1,3,1
0,78,1,5,1
1,85,0,11,1
0,91,0,0,0
1,61,1,3,1
0,81,1,5,1
0,79,1,8,0
0,75,0,3,1
1,93,1,1,1
1,88,0,2,1
1,88,1,10,1
1,86,1,8,0
1,93,0,3,0
0,77,1,8,1
0,85,1,1,1
1,92,1,12,1
0,55,1,4,0
1,86,1,12,1
0,58,0,0,0
0,82,0,2,0
0,84,1,0,1
0,87,1,2,1
0,85,1,0,1
0,90,1,1,1
0,87,0,6,1
1,71,1,15,0
0,61,0,5,1
1,87,1,6,1
0,88,1,6,0
0,90,0,1,1
0,84,1,0,1
1,58,1,6,1
0,88,1,4,1
1,90,1,3,0
1,84,1,6,0
0,77,1,4,1
0,60,1,4,1
1,91,1,0,1
1,89,1,1,1
1,66,0,18,1
1,78,0,13,1
1,93,1,1,1
1,88,1,10,1
1,88,1,10,0
0,69,1,0,1
0,67,1,1,0
1,84,1,7,1
1,73,1,14,0
0,64,1,1,1
0,57,1,3,0
0,83,1,2,1
1,93,1,0,1
1,86,0,1,0
1,85,1,9,1
0,86,1,2,1
1,89,0,1,0
1,92,1,0,1
0,93,0,0,1
1,66,1,0,1
1,89,1,4,1
0,77,1,7,1
1,83,1,5,1
0,58,1,0,0
0,90,1,0,0
1,84,1,15,1
0,67,1,5,0
0,48,1,2,0
1,63,1,21,1
1,50,1,8,1
0,38,1,0,1
1,86,0,3,1
0,79,1,1,0
1,70,1,6,1
0,75,0,3,1
1,76,1,7,1
0,90,1,0,1
0,87,1,4,1
0,78,1,0,1
1,94,1,0,1
1,93,1,0,1
1,87,1,7,1
1,86,1,18,1
1,62,1,0,0
1,75,1,16,1
1,95,1,0,1
0,68,1,1,1
0,74,1,2,1
1,84,1,5,1
1,86,1,0,1
0,87,1,0,0
1,91,1,3,1
1,81,1,8,1
0,89,1,7,1
1,89,1,3,1
0,81,1,4,1
0,90,0,0,1
0,70,1,0,1
0,70,1,0,1
0,91,0,0,0
1,83,0,2,1
0,87,1,0,1
1,88,0,1,1
1,57,1,16,0
0,59,1,0,1
1,47,1,0,0
1,78,0,7,1
0,69,1,6,1
1,84,1,18,0
1,80,1,0,1
0,90,1,1,1
1,93,1,0,1
0,72,1,7,1
1,80,0,12,1
0,84,1,3,0
0,74,1,6,1
0,90,1,1,1
1,90,1,4,1
1,84,1,13,1
0,84,1,4,1
1,83,1,3,0
1,81,1,2,1
0,87,1,1,0
1,92,1,0,1
0,77,1,3,0
0,89,1,1,1
0,69,1,2,1
1,92,1,1,1
0,83,1,1,1
0,91,1,0,1
0,93,1,0,1
1,86,1,6,0
0,79,1,0,1
1,85,1,4,1
1,91,1,2,1
1,86,1,7,1
1,80,0,0,0
0,82,0,5,1
0,62,1,2,0
0,89,1,2,1
0,80,1,15,1
1,67,1,4,1
0,64,1,9,1
0,84,0,4,1
1,92,1,0,0
1,61,1,1,0
1,67,0,7,1
0,77,1,3,1
0,77,1,8,0
1,88,1,7,1
0,83,0,0,0
1,94,1,0,1
1,92,1,0,1
1,81,1,14,1
0,84,1,1,0
1,87,1,5,1
1,90,1,2,0
0,94,0,1,0
0,85,1,0,0
0,90,1,0,1
1,70,1,29,1
1,68,0,1,0
0,78,0,1,1
1,91,1,0,0
1,93,1,1,1
1,85,1,6,1
1,89,1,10,1
0,92,0,1,1
0,85,1,4,0
0,88,0,0,0
1,64,0,7,0
0,82,1,1,1
0,69,1,0,1
0,84,1,1,1
0,89,1,0,1
1,70,0,10,1
1,56,1,0,1
0,90,1,5,1
1,94,1,1,1
1,85,1,0,0
0,93,1,1,1
1,76,1,22,0
0,52,1,5,1
0,68,0,1,1
1,85,1,17,1
1,84,1,0,1
1,59,1,8,1
1,89,1,10,1
0,67,1,2,0
0,87,1,1,0
1,84,1,13,1
1,90,1,4,1
1,66,1,2,1
1,69,1,0,1
0,88,1,2,0
0,72,0,0,0
0,80,1,1,0
1,93,1,0,0
0,45,0,2,0
1,90,1,5,1
0,69,1,1,0
0,86,1,3,0
1,89,1,8,0
0,62,1,2,0
0,84,1,0,1
0,88,0,0,0
1,80,1,0,1
1,82,1,5,1
0,67,1,11,1
1,76,1,2,0
0,82,1,2,1
1,91,1,4,1
0,84,1,0,0
1,55,1,9,1
1,90,1,5,1
0,92,0,0,1
0,79,1,6,1
1,90,1,0,1
0,79,1,1,0
0,89,1,2,1
0,56,1,3,0
1,87,1,7,1
1,90,1,6,1
0,81,1,2,0
0,70,1,4,1
0,84,1,3,1
0,75,0,2,1
0,86,1,0,1
0,80,1,1,1
1,88,1,1,1
0,91,1,0,1
1,85,1,11,1
0,83,1,0,0
0,76,1,1,1
1,84,1,14,1
1,93,1,2,1
0,70,1,0,1
0,62,1,0,1
1,84,1,6,1
1,83,1,9,1
0,93,0,2,1
0,37,1,1,0
0,53,1,4,1
0,73,0,0,0
0,90,0,0,0
0,80,0,5,1
1,80,1,3,1
0,87,1,1,1
1,89,1,6,0
0,84,1,1,1
0,55,1,0,1
1,59,1,1,1
0,92,0,1,0
1,82,1,0,1
0,61,1,5,0
0,64,1,1,0
1,88,1,1,1
1,93,1,2,1
1,78,1,7,1
1,79,1,16,1
0,89,0,0,0
0,83,0,2,0
0,88,0,1,1
0,89,1,0,0
0,82,1,0,0
0,74,1,5,1
0,79,1,0,1
0,87,1,2,1
1,81,1,12,1
0,78,1,1,1
0,84,1,2,1
0,84,1,0,1
0,73,1,19,1
0,93,0,1,0
0,85,0,0,1
0,82,1,1,0
0,89,1,0,1
0,64,1,0,1
0,79,1,4,1
1,77,1,17,1
1,71,1,4,1
1,85,1,12,0
0,53,0,0,1
1,92,0,4,1
1,87,1,2,1
0,83,1,0,0
0,70,1,12,1
0,80,0,1,0
0,90,1,0,1
0,80,0,1,1
1,94,0,0,0
0,84,1,0,0
0,71,0,0,0
1,63,1,4,1
0,77,1,9,1
1,72,1,7,1
0,85,0,1,1
0,70,1,4,1
0,90,0,0,0
0,78,1,12,1
1,75,1,0,1
0,82,1,2,0
0,84,1,1,1
0,76,1,0,0
0,87,0,8,1
0,90,1,2,0
1,84,0,0,1
1,71,0,0,0
1,84,1,8,0
1,92,1,2,1
0,88,0,1,0
0,77,1,3,1
1,89,1,5,1
1,49,1,1,1
1,62,1,0,1
0,77,1,9,1
0,85,1,1,1
0,82,1,3,1
1,78,1,0,0
1,93,1,8,1
0,93,1,1,1
1,67,1,13,0
0,78,0,4,1
1,89,0,6,1
1,82,1,4,0
0,71,1,1,1
0,87,1,2,1
1,88,1,8,0
0,93,1,1,1
0,80,1,0,0
0,68,1,1,0
1,74,1,23,0
0,76,1,3,0
0,73,1,7,1
1,89,1,7,1
0,93,1,1,1
0,40,0,0,0
1,73,1,5,0
1,57,1,11,1
0,87,0,0,0
0,84,1,1,0
1,81,0,3,1
0,90,1,2,0
0,62,1,0,1
0,85,0,0,0
1,72,0,0,1
0,84,0,1,1
0,81,1,0,1
0,76,1,1,1
1,93,1,2,1
1,73,0,9,0
0,86,0,5,0
0,86,1,3,1
0,62,0,3,1
0,93,1,1,1
0,92,0,1,1
0,82,1,3,1
1,89,1,0,1
0,87,0,0,0
0,79,1,0,1
0,74,1,2,0
0,85,0,0,1
1,90,1,2,0
1,90,1,10,1
1,78,1,26,1
0,60,1,13,1
0,88,1,5,1
0,64,1,1,1
1,93,1,1,1
0,63,1,0,0
1,90,1,2,1
1,81,1,11,1
0,85,1,3,0
0,89,0,0,0
1,76,1,0,1
0,68,1,1,1
1,81,1,9,0
1,83,1,19,1
0,93,1,0,0
1,54,1,1,0
1,75,0,3,1
0,91,1,1,1
1,91,0,3,0
0,79,1,4,1
1,65,1,12,1
0,88,1,1,0
0,87,1,0,0
0,92,1,2,1
1,85,0,0,1
0,83,1,0,0
1,83,1,5,1
0,85,0,0,1
0,49,0,0,1
0,80,0,1,0
0,90,1,6,1
0,68,1,0,0
0,88,1,3,1
1,94,1,0,1
1,85,1,16,1
0,85,1,7,1
0,58,0,3,1
0,93,1,0,1
1,74,1,0,1
1,92,1,2,0
0,75,1,0,0
1,92,1,1,1
1,87,0,5,1
0,78,1,1,1
0,84,1,0,1
1,58,1,17,1
0,78,1,0,0
0,76,1,5,0
0,82,1,0,1
1,80,0,5,1
0,91,1,0,0
0,62,1,0,0
1,94,1,1,1
0,76,1,5,0
0,68,1,0,0
1,87,1,0,1
1,94,1,2,1
0,63,0,1,0
1,85,0,1,1
1,79,0,7,1
1,77,1,1,0
0,51,1,0,1
0,87,1,2,1
1,87,1,1,1
0,87,1,0,1
1,90,1,2,0
1,84,1,1,1
1,82,1,13,0
1,89,1,4,1
0,90,1,10,0
0,87,1,0,0
0,66,0,0,0
0,88,0,1,0
0,56,1,0,1
1,91,1,1,1
1,92,1,3,0
0,63,0,4,1
0,73,1,0,1
0,93,1,0,1
0,82,1,1,0
0,88,1,0,0
0,75,0,3,0
0,66,0,0,0
0,68,1,0,0
0,58,1,2,0
1,92,1,1,0
1,81,1,7,1
1,78,1,2,1
1,94,1,1,1
0,82,1,0,0
1,76,1,17,0
0,50,1,1,0
1,92,1,1,1
1,45,1,0,0
0,88,1,2,1
1,87,0,1,0
0,84,0,1,0
0,92,1,2,1
0,71,0,0,1
1,90,1,0,1
1,92,1,2,0
0,59,0,0,0
0,80,1,0,0
0,94,1,1,1
1,92,1,1,0
1,85,1,15,1
1,81,1,9,1
0,59,1,7,1
0,92,1,1,1
0,59,1,1,1
1,71,0,0,1
1,93,1,0,1
0,76,1,6,1
0,91,1,0,1
0,86,0,1,0
0,69,1,0,1
0,75,1,1,1
0,35,1,1,0
0,66,1,1,1
1,94,1,2,1
0,83,1,5,0
1,84,1,4,0
1,82,1,5,1
0,58,1,1,0
1,86,0,0,0
0,71,1,2,0
0,94,1,0,1
1,87,1,21,1
0,73,1,0,0
0,90,1,1,1
1,71,1,3,0
0,81,0,1,1
0,92,1,0,1
0,80,1,3,1
0,78,1,0,0
0,45,1,0,1
1,82,1,5,1
1,92,1,1,1
0,68,1,0,1
0,80,1,1,0
0,82,0,0,0
0,75,1,0,0
1,89,1,6,0
1,93,0,0,0
1,51,1,9,1
1,90,1,8,1
0,85,1,2,0
1,94,1,3,1
0,74,0,0,0
1,84,1,7,1
1,78,1,10,0
0,64,1,5,1
1,77,1,4,0
0,80,1,1,1
0,79,0,0,1
1,83,0,1,0
0,91,1,10,1
1,92,1,0,1
1,77,1,2,1
0,94,1,0,1
1,60,1,22,1
0,88,1,2,1
1,80,1,12,1
1,55,1,2,0
0,69,1,2,1
0,77,1,2,0
1,76,1,0,1
1,69,1,1,1
0,92,1,1,1
1,90,1,3,1
0,89,1,5,1
1,90,1,6,1
0,62,0,3,0
1,94,1,1,0
0,82,1,6,1
1,82,0,2,1
0,75,1,8,1
1,65,1,3,1
1,94,1,1,1
1,83,1,11,1
1,56,1,7,1
0,64,1,2,0
1,88,1,11,1
0,94,1,1,1
0,75,1,1,1
1,63,1,1,0
0,84,1,2,0
0,75,1,0,0
1,88,1,9,1
0,88,1,2,1
1,79,1,13,1
0,94,1,0,0
0,63,0,7,1
0,88,0,0,1
0,88,1,5,1
0,94,1,0,1
1,86,1,0,1
1,91,1,1,0
0,93,0,0,0
1,89,1,0,1
0,84,1,0,1
1,93,1,2,1
1,94,1,1,1
1,90,1,5,1
1,79,1,22,1
1,87,0,0,1
1,64,1,2,1
0,89,1,5,0
0,66,0,1,1
1,83,1,12,0
0,88,1,0,1
0,92,1,0,1
0,85,1,0,1
1,81,1,2,1
0,62,1,1,1
1,77,1,0,0
0,93,1,0,1
0,93,1,1,1
1,94,0,0,1
1,71,1,1,0
1,84,1,1,1
1,81,0,3,0
0,90,1,3,1
1,62,0,0,0
1,84,0,11,1
0,84,0,0,0
1,67,1,13,1
0,73,1,9,0
1,93,1,4,1
0,61,1,1,1
0,66,1,6,1
1,62,1,2,1
0,80,0,1,0
1,79,1,0,1
1,89,1,1,1
0,75,1,1,1
1,90,1,1,1
0,66,0,17,1
0,83,1,1,1
0,88,1,0,0
1,71,1,3,1
0,89,1,1,0
1,80,1,20,1
1,89,1,2,1
1,90,1,4,1
0,58,1,6,1
0,91,1,0,1
0,93,1,0,0
0,48,1,0,0
0,86,1,7,0
0,85,1,0,0
1,92,1,3,1
0,75,1,0,1
1,81,1,9,0
1,85,1,2,1
0,83,1,1,1
0,92,1,0,0
0,92,0,0,0
0,79,1,3,1
1,85,1,3,1
0,77,0,0,1
0,84,0,0,1
0,58,1,1,1
0,80,0,0,1
1,91,1,1,1
1,87,1,1,1
0,71,1,2,1
0,76,1,0,1
0,75,1,3,1
1,90,1,1,1
0,88,1,2,0
0,59,0,0,0
1,79,1,1,1
0,53,1,25,1
0,81,1,0,0
0,74,1,4,1
0,81,1,3,1
1,88,1,0,1
1,82,1,15,1
0,86,1,0,1
0,69,1,0,0
1,84,1,0,1
0,57,0,4,1
1,88,1,3,1
0,79,1,1,1
0,60,1,0,1
0,85,0,0,1
0,74,0,0,0
1,86,1,1,1
0,89,0,0,0
0,70,1,3,0
0,66,1,1,0
0,55,0,1,1
1,91,1,4,1
0,85,1,0,1
0,58,1,0,0
0,87,0,0,0
0,85,0,0,0
0,80,0,4,0
0,92,0,0,1
1,74,1,5,1
0,83,1,0,1
0,67,1,3,1
1,90,1,8,1
0,94,0,1,1
0,75,1,4,1
1,85,1,10,1
0,84,1,2,1
1,88,0,4,1
0,53,1,2,0
0,77,1,3,0
1,76,1,1,1
1,90,1,2,1
0,84,1,0,0
1,94,1,0,0
1,58,1,22,1
1,64,0,3,1
0,67,1,0,1
0,58,1,5,1
0,56,0,1,1
1,84,1,10,1
1,86,1,12,0
0,55,1,1,0
1,94,1,1,1
1,91,1,4,0
1,86,0,2,1
1,64,1,3,1
1,79,1,3,0
1,92,1,1,1
0,73,0,0,1
0,92,1,0,1
1,68,1,3,0
1,53,1,8,1
0,88,1,5,1
0,70,1,1,1
1,80,0,0,0
1,85,1,1,1
1,94,1,1,1
0,85,1,8,0
1,66,1,5,1
0,83,0,0,0
0,93,1,2,1
0,80,1,4,1
0,60,1,21,1
0,94,1,4,1
1,83,1,1,1
0,92,1,0,0
0,78,1,6,0
1,80,1,9,1
0,78,1,3,0
1,82,1,3,1
0,64,1,15,0
1,67,1,22,1
0,65,0,0,0
1,89,0,7,1
0,83,1,1,0
1,65,1,10,1
0,93,1,2,1
1,88,0,5,1
0,85,1,0,1
0,53,1,0,1
1,89,0,2,1
0,88,0,1,1
0,76,1,5,1
0,79,1,2,0
0,64,1,10,1
1,59,1,8,1
1,82,1,4,1
0,85,1,1,1
0,68,1,0,1
0,61,1,1,0
1,87,0,1,1
0,85,1,4,1
1,88,1,0,1
1,91,1,3,0
1,71,1,3,0
0,90,1,1,0
1,81,1,18,1
1,82,1,1,0
1,76,0,7,1
0,74,1,20,1
1,59,0,5,1
0,78,0,1,0
1,80,1,16,1
1,73,1,1,0
0,57,1,7,1
0,88,1,1,1
1,75,1,2,1
1,69,1,0,1
0,88,1,2,1
0,66,0,0,1
0,62,1,7,0
1,92,1,2,1
0,71,0,0,0
0,79,1,2,1
0,90,1,3,1
1,87,1,11,1
0,91,1,2,1
0,58,1,28,1
1,86,1,2,1
0,93,1,0,1
1,81,1,5,0
1,89,1,1,1
1,78,1,17,1
0,89,0,0,1
0,83,1,3,1
0,68,1,0,0
0,90,0,0,1
1,86,1,4,1
1,86,1,12,0
1,91,1,0,0
0,90,1,0,0
0,74,1,0,0
0,78,1,1,0
1,64,1,1,0
0,81,1,1,0
0,90,1,0,0
0,59,0,2,1
1,92,1,0,1
0,76,1,14,1
0,83,1,1,1
0,84,0,3,1
0,62,1,1,1
1,77,1,16,1
0,73,0,1,0
1,94,1,0,1
1,93,1,0,0
0,92,1,1,0
0,76,1,7,0
0,83,1,0,1
0,86,1,0,1
1,93,1,2,1
0,75,1,1,1
1,80,1,22,1
0,82,1,2,1
0,69,1,0,0
0,78,1,7,0
1,90,1,0,0
1,87,1,9,1
0,84,1,0,1
0,53,1,8,0
0,71,1,2,1
0,88,1,1,1
0,82,1,7,1
0,57,0,2,1
0,74,0,0,0
1,81,1,6,1
1,84,1,2,1
0,85,1,1,0
0,93,0,1,1
0,78,1,2,0
0,55,1,17,1
1,79,1,6,1
0,65,1,0,0
1,88,1,5,1
1,93,1,2,1
1,65,1,29,1
0,91,1,1,1
1,77,0,23,0
0,81,1,0,0
1,94,1,1,1
0,86,1,1,1
1,85,1,3,1
1,89,1,1,1
1,94,1,2,1
1,84,1,3,0
0,59,1,5,1
0,88,1,0,0
0,62,0,6,1
1,62,1,16,1
1,87,1,1,1
0,54,1,2,0
0,70,1,0,0
0,84,1,1,1
0,89,0,2,0
1,94,0,4,1
1,86,1,3,1
0,75,1,3,0
0,92,1,1,1
1,90,1,1,1
0,86,0,0,1
1,79,1,10,1
0,84,1,0,0
1,92,1,0,1
0,75,1,9,1
0,68,0,1,1
0,67,1,3,0
0,88,1,5,0
0,81,1,3,1
0,91,0,0,1
1,62,0,0,1
1,92,0,0,0
0,60,1,0,1
0,64,1,2,0
1,94,1,2,1
0,89,1,1,1
0,68,0,0,1
1,88,1,1,1
0,92,1,0,0
1,76,1,10,1
1,78,0,9,1
1,80,0,5,1
1,96,1,4,1
1,88,0,3,1
0,91,0,0,1
1,82,0,8,0
1,70,1,1,0
1,61,1,9,1
0,87,1,6,1
1,87,1,4,1
0,89,1,2,1
1,66,1,18,1
1,95,1,1,1
0,61,1,0,1
0,75,1,0,0
1,77,1,2,1
1,87,1,6,1
1,85,0,1,1
1,93,0,2,1
0,90,0,7,1
0,81,1,0,0
0,90,0,1,0
0,68,1,1,1
0,82,1,7,1
0,90,1,2,1
0,76,0,0,1
1,84,1,13,1
1,88,1,27,0
0,57,1,2,1
0,71,1,0,1
0,92,1,0,0
0,88,1,1,0
1,86,0,9,0
0,63,1,3,1
0,73,1,3,1
0,90,1,1,1
1,66,1,3,1
1,88,1,0,0
1,83,1,6,1
0,87,1,6,0
0,89,1,0,0
0,58,1,3,0
0,85,0,1,0
1,84,0,3,1
0,93,1,0,1
1,92,1,1,1
0,86,0,0,0
0,79,1,2,1
0,91,1,0,1
0,66,1,4,1
1,92,1,4,0
0,77,1,2,1
0,81,1,0,1
1,91,1,5,1
1,92,1,0,0
0,90,1,0,1
0,70,1,2,0
0,88,1,4,0
0,88,0,0,0
0,85,1,2,1
0,88,1,0,1
0,84,1,1,0
1,91,1,1,1
0,72,1,1,1
1,86,0,0,1
0,94,1,0,1
0,90,0,7,0
1,78,0,6,1
1,77,1,6,1
0,93,0,1,1
1,87,1,8,1
1,88,1,2,1
0,72,1,0,0
1,91,1,8,1
0,71,1,1,1
0,59,0,0,0
1,76,1,0,1
1,90,1,1,1
0,91,1,0,0
0,50,0,0,1
0,66,1,0,0
1,82,1,11,1
1,75,0,0,1
0,84,1,0,0
0,92,0,1,0
1,94,1,2,1
1,93,1,0,1
0,90,1,0,1
0,65,1,2,0
0,64,1,2,1
0,84,1,3,0
1,63,1,12,1
1,93,1,2,0
1,93,1,1,1
0,83,1,1,1
1,91,1,2,0
0,91,1,0,0
1,82,1,4,1
1,86,1,11,1
1,64,1,16,1
0,90,1,0,1
1,95,0,1,1
0,83,1,1,0
1,85,1,3,1
1,73,1,6,1
1,86,1,4,0
1,85,1,6,1
0,65,1,0,1
0,72,1,0,0
0,76,1,4,0
1,92,1,3,1
1,68,1,0,0
0,51,1,1,1
1,76,1,0,1
0,78,1,0,1
1,87,0,10,0
1,92,1,6,1
0,85,1,11,0
1,91,1,6,1
0,75,1,2,0
0,67,1,0,0
1,88,1,7,1
1,93,0,0,1
0,59,1,12,1
0,51,1,2,0
1,87,1,2,1
0,59,1,27,0
1,57,1,21,0
0,90,1,1,1
1,60,1,2,0
1,84,1,2,1
0,88,1,3,0
1,88,1,0,1
0,77,1,1,0
0,89,1,4,0
0,80,1,0,1
1,66,0,4,1
1,89,1,2,1
0,57,1,0,1
0,68,1,2,1
1,93,1,0,1
0,82,1,8,1
1,89,0,5,1
1,79,1,4,1
1,81,0,2,1
1,88,1,2,1
1,65,1,10,1
0,85,1,2,0
1,86,1,6,0
0,61,1,20,1
0,57,1,1,0
1,85,1,3,1
0,87,1,0,1
0,66,1,0,1
1,85,1,0,0
1,89,1,1,0
0,47,1,0,1
0,85,1,2,0
0,61,0,3,1
0,91,1,1,1
0,65,1,0,1
0,70,0,0,0
0,59,0,0,1
1,88,1,10,1
1,63,1,2,1
0,68,1,0,0
1,84,1,1,1
1,66,0,0,1
1,37,1,1,0
1,93,1,2,1
1,68,1,11,1
1,60,1,4,1
0,60,1,3,1
0,88,1,15,1
1,91,1,8,1
0,87,1,1,1
0,75,1,2,1
0,79,1,13,1
1,85,1,1,0
1,84,1,9,0
0,73,1,6,1
0,82,1,1,0
0,66,1,12,0
0,75,1,2,1
1,62,1,0,0
1,83,1,3,1
1,92,1,1,1
1,58,1,4,0
0,68,0,0,0
1,62,0,23,1
1,85,1,7,1
0,92,0,0,1
0,82,1,1,1
0,75,1,8,1
0,79,1,9,1
0,88,1,1,0
0,87,1,1,1
1,87,1,5,1
1,80,0,10,1
1,67,1,21,1
0,87,1,2,0
0,87,1,6,1
1,82,0,0,0
1,86,1,8,0
1,89,1,5,1
1,92,1,2,0
0,71,1,4,0
1,62,1,7,1
1,93,1,2,1
1,86,1,11,1
1,93,1,1,1
0,88,1,0,1
1,91,1,4,0
0,75,1,3,0
0,83,1,1,0
0,80,1,1,0
0,82,1,0,0
1,64,0,0,0
0,87,1,1,0
0,88,0,4,1
1,87,1,4,1
1,85,1,0,1
1,84,1,11,0
0,56,1,0,0
1,87,1,14,1
1,86,1,5,1
1,90,1,15,1
1,69,1,1,1
0,64,1,0,0
1,84,0,15,1
1,89,1,1,1
0,68,1,0,1
1,71,1,0,1
1,90,1,0,1
0,80,1,10,1
0,58,1,2,1
0,88,1,2,1
0,83,1,0,1
1,91,1,1,1
0,75,1,0,1
1,64,1,4,1
0,92,0,0,0
0,89,0,0,0
0,93,0,2,1
0,94,1,1,1
1,60,1,12,0
1,87,0,2,1
1,69,1,5,1
1,80,1,13,1
0,59,0,0,1
0,90,1,0,0
1,94,1,0,1
1,77,1,5,0
0,80,0,1,0
1,73,0,2,1
1,93,1,1,1
1,92,1,3,1
0,90,1,0,1
0,72,1,8,1
1,91,0,0,0
0,74,0,1,1
1,95,1,2,1
0,94,1,0,0
1,70,0,0,1
0,94,1,0,0
0,87,1,5,0
1,94,1,0,0
0,94,1,0,1
1,86,1,1,1
1,85,1,9,1
1,93,1,0,1
1,69,1,4,0
1,90,0,2,1
1,54,1,15,1
1,71,1,8,1
1,93,1,0,1
0,90,0,0,1
1,91,1,3,1
0,87,1,0,1
0,90,1,0,1
1,83,1,6,0
1,92,1,0,1
0,68,0,4,1
0,61,1,3,0
0,60,1,0,1
1,77,0,5,1
1,79,0,7,1
0,61,0,0,1
1,88,1,9,0
1,66,1,7,0
1,51,1,22,0
1,58,0,2,0
1,89,1,6,1
0,65,0,0,1
1,80,1,0,0
1,93,1,0,0
1,91,1,0,1
0,57,1,0,1
1,85,1,8,1
0,80,0,0,1
1,89,1,5,1
0,72,0,1,1
0,63,1,1,1
0,88,1,7,1
0,83,1,5,0
0,80,1,9,1
0,61,1,13,0
0,71,0,6,1
0,80,1,0,1
1,87,0,2,1
0,63,1,0,0
0,88,1,1,0
0,67,1,5,1
0,92,1,0,1
0,78,0,0,1
0,78,0,1,0
1,73,1,4,1
0,77,1,2,0
0,93,1,2,1
0,89,1,6,0
1,87,1,1,1
1,83,0,2,1
1,90,1,7,0
0,81,1,0,0
0,68,1,5,1
1,70,0,3,1
1,68,1,0,1
0,86,0,1,1
1,86,1,5,1
1,48,1,5,1
0,94,1,0,0
0,87,1,2,1
0,90,0,0,1
1,89,1,3,1
0,83,1,8,0
0,75,0,1,1
1,73,0,7,1
0,88,1,0,1
1,89,1,2,0
0,79,1,5,1
0,59,1,0,0
1,92,1,2,1
1,85,0,2,0
1,89,1,7,1
1,64,1,18,0
0,87,0,2,0
1,64,1,5,1
1,94,0,0,0
0,58,1,5,0
1,89,1,5,1
0,66,0,1,1
0,93,1,1,1
1,83,1,2,0
0,79,1,0,0
1,89,1,6,0
1,80,1,2,1
0,82,1,0,1
0,81,1,1,0
1,83,0,1,1
1,85,1,6,1
0,89,1,2,1
0,88,1,13,0
0,70,0,0,0
1,83,1,11,0
1,86,1,3,0
0,67,0,1,1
1,87,0,10,1
1,90,1,0,1
0,65,1,0,1
0,74,0,0,1
0,92,1,4,0
1,86,1,5,1
0,63,0,1,1
1,90,1,2,1
0,65,1,1,0
1,81,1,0,0
1,80,1,6,1
1,84,1,8,0
1,70,1,0,1
1,73,1,12,1
0,68,1,0,1
0,57,1,2,0
0,70,0,1,0
0,82,1,0,1
0,78,1,1,0
0,84,1,1,0
0,86,1,0,0
1,83,1,3,0
1,85,1,8,1
0,93,1,1,0
1,91,1,5,1
0,87,1,0,0
0,89,1,4,1
1,65,0,25,1
0,79,1,2,1
1,79,1,0,1
1,89,0,1,0
1,82,1,2,0
0,79,1,9,1
0,81,1,4,0
0,76,1,8,1
0,82,1,0,0
0,91,0,0,0
0,47,1,3,1
0,91,1,4,1
0,88,0,0,0
1,83,1,9,1
1,92,1,0,0
1,94,0,0,1
0,90,1,1,1
0,77,1,0,0
0,85,1,0,1
0,80,1,0,1
1,85,1,9,1
0,65,1,3,1
0,83,1,2,1
0,55,1,0,0
1,75,1,2,0
0,91,1,1,1
1,87,1,3,1
0,92,1,1,1
1,93,1,0,1
0,78,1,0,1
1,84,1,10,1
0,83,1,3,0
0,85,0,0,0
1,67,1,5,0
0,89,1,7,1
0,88,1,0,1
0,90,1,0,0
0,71,1,1,1
0,87,1,11,1
0,86,1,4,1
0,81,0,0,1
1,60,1,3,1
0,57,1,0,0
1,60,1,11,1
0,84,1,2,1
0,87,1,0,0
0,83,0,4,1
0,85,1,0,1
1,85,0,0,0
0,81,1,2,0
0,92,1,0,0
0,86,1,2,1
1,79,1,0,0
1,85,1,2,1
0,84,1,14,1
0,70,0,1,0
1,87,1,2,1
0,51,0,0,0
1,87,1,6,1
0,80,1,3,0
1,78,1,0,1
1,83,1,5,1
0,93,1,0,1
0,91,1,1,1
0,59,1,1,1
0,74,1,1,1
1,84,1,3,0
0,73,1,1,0
0,58,1,0,0
1,91,1,1,1
0,53,1,14,0
1,92,1,0,1
1,94,1,0,1
1,65,1,2,1
0,83,1,6,1
1,64,1,7,1
1,83,0,3,0
0,82,1,4,1
1,88,0,7,1
1,70,1,0,1
0,58,1,0,0
0,52,1,0,0
1,71,1,3,1
1,83,1,8,0
1,90,0,1,0
1,73,1,13,1
0,91,1,0,0
0,89,1,1,1
0,61,1,0,0
0,47,1,0,0
0,76,1,0,0
0,74,1,1,1
1,94,1,0,1
0,69,0,1,1
1,85,1,3,0
0,82,1,0,0
1,80,0,0,1
1,91,1,1,0
0,75,0,0,1
0,85,1,0,1
0,68,1,4,1
1,83,1,9,0
0,90,1,1,0
1,86,1,1,1
1,89,0,0,0
0,90,0,0,0
0,85,1,5,1
1,86,1,3,1
0,78,1,1,1
0,89,1,2,0
0,85,1,0,1
0,88,0,1,1
1,91,1,3,1
1,94,1,1,1
1,82,1,4,1
0,85,1,1,1
0,88,0,0,1
0,69,1,3,1
1,79,1,0,0
1,91,1,0,0
0,68,0,0,0
0,73,1,0,1
1,92,1,0,0
1,87,1,7,0
0,76,0,0,0
1,90,0,1,1
1,87,1,10,1
0,92,1,1,0
1,71,0,3,1
1,88,1,3,0
0,88,1,7,0
1,85,1,3,1
1,72,0,17,1
0,84,1,0,0
0,80,1,1,1
0,91,1,3,0
0,67,0,0,0
0,59,1,2,0
1,84,0,5,1
0,84,1,0,0
0,71,1,2,1
1,69,1,38,1
0,84,1,0,0
0,53,0,15,1
0,51,1,16,0
0,65,1,0,1
0,65,1,1,0
0,72,1,1,1
0,90,1,1,0
0,63,1,0,1
1,82,1,6,0
1,86,1,4,1
1,88,1,2,1
1,86,1,2,1
0,65,1,2,1
1,81,0,6,0
0,67,1,1,1
0,58,1,1,1
0,61,1,8,0
1,87,1,2,0
1,80,1,17,1
0,73,1,3,0
0,69,1,6,1
0,67,1,2,0
0,93,0,0,1
1,87,1,2,0
0,93,1,0,1
0,83,1,0,1
0,69,0,0,0
0,84,1,8,1
1,71,1,1,0
0,91,1,0,1
0,62,1,1,1
1,66,1,11,0
0,63,0,3,0
1,84,1,1,0
1,85,0,5,1
0,70,0,0,1
1,80,1,12,1
0,89,0,0,1
1,86,1,5,1
1,86,1,9,1
0,77,1,0,0
0,80,0,0,1
1,91,1,3,0
0,43,1,3,0
0,69,1,2,0
1,81,0,5,1
0,85,1,0,0
1,62,1,23,1
0,88,1,1,1
1,83,1,0,0
0,78,1,5,1
1,62,1,17,1
1,72,1,1,1
0,93,1,0,0
0,85,1,2,0
0,60,1,0,0
1,56,1,12,1
0,92,0,1,0
1,87,1,0,1
0,85,1,1,0
0,89,0,14,1
0,52,1,0,0
1,91,0,2,0
1,92,1,1,1
0,49,0,1,1
1,86,0,5,1
1,83,1,15,1
0,83,1,0,1
0,93,1,0,1
1,87,1,17,1
0,81,1,1,1
0,89,1,3,1
0,75,1,1,1
1,85,1,8,0
1,87,1,15,1
0,72,0,0,1
0,93,1,0,1
1,87,1,5,0
1,78,1,2,0
1,90,0,0,1
0,47,0,0,0
1,85,1,4,1
0,87,0,2,1
1,75,1,3,1
0,72,1,5,1
0,73,1,1,0
0,89,0,1,1
1,74,1,8,1
1,77,1,4,0
1,72,0,8,1
1,87,0,12,0
1,88,1,8,1
0,91,1,1,0
1,82,1,8,0
1,83,0,1,0
1,94,1,1,1
1,88,1,4,1
1,63,1,2,0
0,47,1,0,0
0,87,1,10,1
0,88,0,1,0
1,59,1,3,0
0,63,1,1,1
0,83,1,0,1
0,86,1,0,0
0,63,0,0,0
1,86,1,13,1
1,92,1,0,1
1,88,1,2,1
0,87,0,1,1
0,82,1,5,0
1,78,1,11,1
0,87,1,4,0
1,73,1,1,1
0,90,1,12,0
0,53,1,11,1
0,85,0,3,1
0,80,1,11,1
0,69,1,0,1
1,93,1,3,1
1,86,1,20,1
0,91,1,3,1
0,83,1,6,1
1,55,1,0,0
1,74,1,8,0
0,92,0,1,0
1,93,1,1,0
1,90,1,1,1
1,89,1,2,1
0,89,0,1,1
1,67,1,3,0
0,89,1,1,1
1,93,1,5,0
1,85,1,1,1
1,74,1,4,1
0,82,0,1,1
0,75,1,0,0
0,92,1,3,1
1,84,0,0,0
1,92,0,2,1
0,89,1,0,0
1,93,0,0,0
1,89,1,0,0
1,60,1,1,1
1,87,1,5,0
1,69,1,4,0
1,82,1,4,1
1,92,1,0,0
1,91,1,6,1
0,70,0,6,1
1,55,1,20,1
1,86,1,0,0
0,91,1,0,1
0,68,1,0,1
0,81,1,2,1
1,84,1,1,0
1,74,0,3,1
0,60,1,7,1
0,93,1,0,0
1,71,1,6,0
1,92,1,3,1
0,92,1,0,0
0,83,1,0,1
1,82,1,6,1
0,64,0,3,1
1,87,1,4,1
0,93,1,1,0
0,91,1,0,0
1,81,1,3,0
0,50,1,0,0
0,72,0,0,1
0,94,1,0,1
0,88,1,1,0
1,84,1,18,1
1,91,1,0,0
1,91,1,10,1
1,54,1,13,1
1,68,1,2,1
0,85,0,0,1
1,58,1,0,0
0,69,0,0,1
1,88,1,4,1
0,67,0,4,0
1,85,0,7,1
0,82,1,9,1
1,87,1,2,1
0,91,1,0,1
1,85,1,10,1
1,81,1,11,1
1,92,1,1,1
0,81,0,2,1
0,86,0,1,1
0,78,1,0,1
0,82,1,1,1
0,90,1,0,1
1,81,1,9,0
0,68,1,2,0
1,83,1,9,0
1,65,1,3,1
1,90,1,0,1
1,57,1,28,1
1,78,1,14,1
0,71,1,23,1
0,72,1,0,0
1,82,1,4,1
0,88,1,1,1
0,40,1,0,0
1,90,1,3,1
0,90,0,1,0
0,92,1,0,1
0,81,1,2,0
1,92,1,1,0
0,64,1,4,0
1,86,0,7,1
1,79,0,5,1
1,81,1,0,1
0,78,0,1,0
1,86,1,2,1
0,51,1,1,1
1,90,1,11,1
0,45,0,5,1
1,73,1,18,1
0,70,1,1,0
0,85,0,0,1
0,62,0,0,0
1,91,1,1,1
0,92,0,0,0
0,88,1,0,1
1,90,1,0,0
0,69,1,4,0
1,92,1,0,1
1,90,1,4,1
0,88,0,1,0
0,67,1,0,0
1,94,1,2,1
0,88,1,0,1
1,78,1,9,1
1,81,1,2,0
0,62,1,1,0
0,63,1,0,1
1,94,1,1,1
1,67,1,7,1
1,76,1,1,0
0,47,1,1,1
0,67,1,1,1
0,48,1,0,0
0,75,1,0,1
0,65,0,2,0
0,69,0,9,0
0,92,1,1,0
1,68,0,7,1
1,85,1,15,1
1,86,1,2,0
1,92,0,0,1
1,94,1,1,1
0,80,1,5,1
0,80,1,13,1
1,92,1,8,1
1,89,1,3,0
1,87,1,13,1
0,80,1,1,1
0,80,1,1,1
1,60,1,10,1
1,63,1,0,1
1,78,0,5,1
1,94,1,2,1
1,84,1,8,1
1,70,1,0,0
1,91,0,1,1
0,74,1,0,1
1,49,1,2,0
0,92,0,1,1
1,87,0,0,0
0,91,1,2,1
1,89,1,3,1
0,67,1,14,0
1,87,0,3,1
1,76,1,16,0
1,87,1,0,0
0,90,1,0,0
1,84,1,4,1
0,83,1,1,1
1,81,1,4,0
1,85,0,2,1
0,76,1,0,0
1,58,1,31,1
0,88,1,0,1
0,86,0,5,1
0,71,1,5,0
1,85,1,2,1
1,92,1,1,1
0,40,1,2,1
1,67,1,4,1
1,72,0,4,1
0,71,0,0,0
1,86,0,6,0
0,90,0,0,1
1,88,1,2,1
0,58,1,0,0
1,67,1,3,0
0,65,1,0,1
0,78,0,1,0
1,78,1,20,1
0,90,0,1,1
1,84,1,3,1
0,86,1,11,1
1,64,0,1,1
1,75,0,1,1
1,88,0,4,1
0,58,1,4,1
0,56,1,8,0
0,81,1,3,1
1,83,0,9,1
1,79,1,18,1
0,89,1,5,0
1,89,1,7,0
0,91,1,0,1
1,94,1,1,1
0,84,0,3,1
1,85,1,14,1
0,83,1,1,0
0,75,1,5,0
1,93,1,0,1
1,68,1,13,1
1,70,1,11,1
0,84,1,2,1
1,79,1,12,0
0,80,1,4,1
0,88,1,2,0
0,63,1,4,0
0,78,1,0,0
1,88,1,3,0
0,93,1,1,1
0,55,1,5,0
1,85,1,7,1
0,86,1,1,1
0,77,1,4,1
0,73,1,0,0
1,83,1,7,0
1,91,1,0,1
0,60,0,1,0
0,84,1,2,0
1,86,1,0,0
0,92,1,0,0
1,93,1,0,1
0,87,1,1,0
1,53,1,4,0
0,63,1,7,1
1,95,1,1,1
1,54,1,0,0
0,92,1,0,0
0,80,1,1,1
0,92,0,1,1
0,65,0,3,1
0,53,0,1,0
1,63,1,7,0
0,65,0,2,1
1,90,0,0,1
1,78,0,4,0
0,72,1,5,1
0,78,1,9,1
1,57,1,14,1
0,78,1,0,0
1,80,1,3,0
1,90,1,2,0
0,47,1,2,1
0,82,1,0,1
0,89,1,1,1
1,84,0,2,0
1,79,1,8,0
0,71,1,0,0
0,86,1,1,1
0,82,1,4,1
0,91,1,0,1
1,94,0,0,0
1,84,1,19,1
0,88,1,0,1
0,70,1,0,1
0,84,1,2,0
1,91,1,5,0
1,93,1,0,0
1,84,1,0,0
0,94,1,0,1
0,91,1,0,1
0,91,1,0,1
0,57,1,0,1
0,81,0,3,0
1,91,0,2,1
