class,Debt ratio %,Current Liability to Current Assets,Cash Flow to Liability,Net Income to Total Assets,Fixed Assets to Assets
1,0.207576261450555,0.11825047660899,0.21319985799495744,0.608413946251503,0.424205762216667
1,0.171176346101521,0.0477752815903248,0.21280795236767647,0.529962153426295,0.468828128338473
1,0.207515796474892,0.0253464891288078,0.21255497011765745,0.550589592479527,0.276179222234543
1,0.151464764035432,0.0672496172630687,0.22329109403781744,0.585704764311269,0.559143963323496
1,0.106509054630105,0.0477253717624306,0.21739807374246645,0.53024341683355,0.309554916594047
1,0.180427487377936,0.099521933114496,0.21330971266244547,0.6148387943683821,0.603193479638275
1,0.219608791607461,0.0658158530780964,0.21412798616586948,0.574828450222457,0.282042669898768
1,0.228890165371708,0.124882710179452,0.21213437446470845,0.538177727278059,0.669737403553366
1,0.210357650331046,0.0864583230327093,0.21257624458256646,0.548164823038372,0.402247745883712
1,0.23529945279197,0.094806220340148,0.21250761415338748,0.533277044498429,0.25943793314364
1,0.321371345648033,0.06528574912897,0.20752171932237345,0.799608337398094,0.222814961750776
1,0.221452973365178,0.0833577878116932,0.21455051414618148,0.578673292523183,0.374422367534238
1,0.185083290503976,0.0439461340828879,0.21259387277888947,0.55594125895213,0.0748054542115846
1,0.19176467031472,0.0487365667821687,0.21315716418479946,0.5202180521191351,0.393632716206475
1,0.196390240952928,0.078173592922719,0.21199446331641547,0.528776086199243,0.669046743002893
1,0.162046134776431,0.0571534386203858,0.21234398112807146,0.5406103503256681,0.427835710834537
1,0.189739093630015,0.0453537157214047,0.21119457642048345,0.535859744526341,0.136910722671915
1,0.16479729116909,0.0391912796452419,0.21328725825033046,0.5532629148872861,0.174530715442068
1,0.175076337031774,0.0387532463325531,0.21277233107609445,0.525445380286671,0.309954849965965
1,0.201227439005956,0.0443787275095875,0.21348765791546748,0.542321292990143,0.268204795060692
1,0.181848414306013,0.105306062091276,0.21274148689063144,0.555688630874125,0.405607277738996
1,0.190464673337969,0.0765427077990255,0.21271341012371747,0.5545502775575301,0.534349951748196
1,0.200320464371013,0.0779619705719493,0.21267940709338445,0.6175034764636981,0.422192128072037
1,0.132055506847658,0.0584597007693554,0.21759792694344848,0.5255391994604011,0.710597970712992
1,0.196934425733894,0.122531571392884,0.21257501801971346,0.57926419392644,0.677768509804615
1,0.199685582126553,0.0701850635944305,0.21137166282103648,0.6109575960647641,0.564929087783928
1,0.175953079178886,0.0705742009923617,0.21278894551815247,0.558711185716266,0.152288189025335
1,0.219971581461438,0.0463496978563809,0.21163449280768648,0.506471320146587,0.241254966098155
1,0.246576170753091,0.0852990675271157,0.21261372660024047,0.560970263216379,0.307354717951981
1,0.293708619282281,0.0987470693557686,0.21401693486386247,0.782933679846486,0.60380661969061
1,0.175439126885751,0.0221034854776763,0.21299457098767444,0.537543944312292,0.0401000650185383
1,0.211446019892977,0.0777503376545122,0.21346435730240548,0.583864217921101,0.284550101289883
1,0.231883181667019,0.0550760795105277,0.21274345581218346,0.52629622908058,0.471796825185696
1,0.18496236055265,0.142964133523744,0.21280032055203746,0.596610348923948,0.693786158196553
1,0.256976146567101,0.0848974024927139,0.21212440579040448,0.585377706351167,0.171747923985192
1,0.167518215073918,0.065865965620446,0.21434192436595545,0.533167449563304,0.500406748621874
1,0.215648335701545,0.0405660859645873,0.21362540411162645,0.580158346144336,0.0170314511729397
1,0.196964658221725,0.0334324910953421,0.21362411918852448,0.525757748049954,0.0434414672965174
1,0.206125102034646,0.0516132981351731,0.21251694966206247,0.523683126517822,0.445033415055863
1,0.19218792514436,0.0366234269323879,0.21290225305371047,0.529837686032256,0.115718753037652
1,0.116818332980621,0.0423662743739661,0.21656759668913544,0.587755966925812,0.411391754456253
1,0.176799588838165,0.0396237480736213,0.21223711679986745,0.533956775770657,0.186118931746172
1,0.188227469238444,0.0388769542045089,0.21140017758457147,0.554559939050223,0.668370516691073
1,0.244731988995374,0.189435462974959,0.21314797750156245,0.596580887809664,0.695297606459008
1,0.168243794781873,0.0750650238692729,0.21306647376265847,0.526961019986047,0.493287124457878
1,0.153974060525441,0.0424904009196875,0.20799722680074845,0.563504267232627,0.0750574696959812
1,0.236418054841733,0.0845608316360967,0.21261723338465544,0.562119747333638,0.586725067081089
1,0.185143755479638,0.0257860334262546,0.21313064101579549,0.522585519510427,0.101317969752307
1,0.13399038606887,0.0855289344710275,0.21398560892292745,0.574782305239499,0.501720486452107
1,0.0010883695619312,0.0025070197750363,0.5062619261800114,0.55733168427116,0.467763034009029
1,0.1730809928349,0.0388778614770842,0.21216680757258444,0.555564982218078,0.458432064235098
1,0.175348429422257,0.0703850107028059,0.21259816477393545,0.5273032124268461,0.506102951477829
1,0.207485563987061,0.0488064153273016,0.21293195692433547,0.518836009895565,0.628040880954024
1,0.158660096139311,0.0846852376385221,0.21885401944742044,0.624151914046416,0.65834086447552
1,0.204039060374278,0.11510860370822,0.21275868715713747,0.5293028652345301,0.651676958110777
1,0.187380959579164,0.0390563841071208,0.21091028029155545,0.548909031529097,0.597787759120153
1,0.14206246031986,0.0491267676153603,0.20914875011690048,0.517947801536115,0.570450380354172
1,0.14333222480878,0.0691468793581272,0.20873180934826946,0.562768162197978,0.629463173102113
1,0.183813526015056,0.0540126732719306,0.21244798507850948,0.521735051897352,0.722896505074945
1,0.163467061704508,0.0755227786738375,0.21251822148018246,0.553468531516656,0.663251913758759
1,0.163255434289688,0.0597780019559861,0.21218642573098545,0.547267234427212,0.560567837121985
1,0.139613628805514,0.0225852073345127,0.21294512489210443,0.5253708270813631,0.350167981809834
1,0.187471657042658,0.0427213058804245,0.21269304099088449,0.524863092929614,0.65807248185378
1,0.214227408773468,0.140510935386127,0.21266670120094044,0.551594658710424,0.598887428678569
1,0.16373915409499,0.0804684475027034,0.21575546774457743,0.613254253510598,0.142206746282147
1,0.175076337031774,0.0316894254574365,0.21336460721106149,0.54347404020753,0.0703002475362422
1,0.104423012969737,0.0323738250053519,0.22683536069706045,0.558106332133536,0.361876244449456
1,0.178250748254074,0.0541586300657617,0.21246991619825545,0.5151841847562161,0.606898756551705
1,0.0701393717689029,0.0193056910264347,0.21774222381688446,0.7406761420734981,0.34371194521763
1,0.180215859963116,0.0447160192856164,0.21455693014595945,0.545208169237254,0.188166787805316
1,0.231701786740031,0.0635735596343565,0.21218178407324745,0.57570446207651,0.0943804420008509
1,0.119932279227258,0.088933237035478,0.21482789116191348,0.542106106479607,0.550910587643807
1,0.144904314176014,0.0326228733237391,0.21466011088585346,0.526558146759725,0.327417689828493
1,0.166520542975481,0.113155621530278,0.21332345987949847,0.560768225522685,0.391752058466857
1,0.165553103364876,0.0466169475760481,0.21630863403262246,0.532040955134797,0.274365702506771
1,0.215648335701545,0.0625968735002857,0.21436324957299246,0.547677933392145,0.454902536470947
1,0.158750793602806,0.0534359932541586,0.21656081878325645,0.570476040656718,0.497376324019591
1,0.2131995041872,0.0803948850417633,0.22287037712977448,0.615903521806152,0.348477616964968
1,0.195090243976177,0.0294098690746632,0.20834392767606846,0.515516516465264,0.289929992661514
1,0.108655561266137,0.0213892357757969,0.21523577833769847,0.6206342693653241,0.572964841876552
1,0.187592586993984,0.0894866624475781,0.2127890878591185,0.576559112108194,0.761062901754956
1,0.194787919097863,0.0315387911358944,0.22627288606256946,0.8108067790811321,0.144851324635205
1,0.108443933851317,0.0219991261477975,0.21377333700546147,0.639711479601564,0.0433506861422577
1,0.239078513770898,0.0729638525063871,0.21463951679171744,0.822039868180032,0.134025040259356
1,0.119267164494966,0.023457564134406,0.21380773663155445,0.583122375634425,0.0114552739908379
1,0.164192641412462,0.0361853970283016,0.20694664209353447,0.598121067546729,0.296431783476139
1,0.175529824349246,0.0343517477324163,0.21714435979004848,0.551600762088243,0.0313161159051429
1,0.217552982434925,0.0634292046888851,0.21390996950486146,0.542651959675684,0.530582097885304
1,0.101127671796112,0.0155297792176608,0.24268377287537546,0.611646771652706,0.182953637097347
1,0.271457508238353,0.0704820811259661,0.21689694248684444,0.671649441917338,0.132290496643969
1,0.19941348973607,0.114762641957161,0.21377813583229444,0.557440712239835,0.839608614110646
1,0.227106448589654,0.0599742098275078,0.21375960779075448,0.5838253647032681,0.310263249065962
1,0.235692475133779,0.0684143169397516,0.21354926742977048,0.546382757475772,0.556333974917955
1,0.292590017232518,0.0754949095509051,0.21352637157474147,0.719357726913445,0.372397486212668
1,0.147474075641685,0.0229069141037841,0.21067225418186347,0.530549916654235,0.0904553756007704
1,0.220334371315416,0.0393065364231372,0.21387508408750644,0.5661539599522191,0.0609295433157721
1,0.097197448378027,0.0322342032938938,0.21466303891978944,0.526424529424077,0.325313394367256
1,0.30537835958521,0.0544448714468326,0.21829685047154945,0.602498033166158,0.012076354320748
1,0.326934123409015,0.055965834937137,0.21318480581188848,0.6604453635627621,0.0506109831812028
1,0.166792635365964,0.0200397484578312,0.21978744039870046,0.647621298376709,0.12639270826066
1,0.199776279590047,0.0705004683447723,0.21364365758338244,0.5775900185557751,0.273457168839009
1,0.23445294313269,0.0438125509053924,0.21388413069707446,0.586061308690937,0.727644218736791
1,0.102639296187683,0.0432184395870155,0.3290347570774065,0.67497470623327,0.146060268570478
1,0.156241497112797,0.0484678878842015,0.21151392805945946,0.506168250633085,0.392044921028412
1,0.249962209390211,0.0528139883683006,0.21453311676079045,0.751963350522461,0.060306746001562
1,0.185718172748435,0.034757337675115,0.21463134381740046,0.528211186453963,0.0535297624806566
1,0.127248541282462,0.0333957312660258,0.21362545798262644,0.552160106202952,0.0616544237145921
1,0.147141518275539,0.0710831132220003,0.20999982239801646,0.526135582179983,0.345462729934209
1,0.172687970493092,0.0347809557351934,0.21618361209402148,0.665936483601928,0.10490302987149
1,0.331892251413369,0.296636321621775,0.22875151519668546,0.913450064887645,0.810374722876978
1,0.182785621428787,0.0377909792197409,0.20916181242858345,0.536957088550992,0.331760649752149
1,0.146022916225776,0.0362153047389522,0.21547893144293045,0.557780760778685,0.458075737305601
1,0.276113311364392,0.10479646054484,0.21314795528204245,0.607076169052645,0.693022385314013
1,0.218671584484687,0.101788194048757,0.21287961780190945,0.558202775689258,0.691649868148209
1,0.200925114127642,0.0321534804305465,0.21136867819534244,0.530749652848525,0.365969540186108
1,0.214983220969254,0.0458674331065677,0.21250190455296347,0.62381326818897,0.142014362426972
1,0.114943918735073,0.0249538899055656,0.21954440374189144,0.538109976388872,0.210619836952278
1,0.214439036188288,0.0444476786670921,0.21553113498093845,0.576745733759886,0.0335649200792983
1,0.126885751428485,0.0187290707565937,0.20861560620113545,0.570563240096743,0.0826026063722498
1,0.179974000060465,0.0375135695275377,0.21310994843023545,0.528466465500522,0.290067469177002
1,0.167427517610424,0.0301589805986433,0.21349988168967243,0.51580050099116,0.0299530876086508
1,0.154760105209058,0.0281560891771391,0.21307099017485748,0.569586913939746,0.206708822550061
1,0.213078574235874,0.0374849278692142,0.21498826657886044,0.564437554229661,0.0695751119658685
1,0.153792665598452,0.0217288933653761,0.21268101401814343,0.54254655933133,0.0436474981809367
1,0.188953048946398,0.0573737852890469,0.21313875250099146,0.5267535669619541,0.531847623788153
1,0.199655349638722,0.0317933764854397,0.21439476020801945,0.53347938585551,0.0060117870496977
1,0.189104211385555,0.0332694307623759,0.21262600288506645,0.538473759040219,0.111975231383676
1,0.231490159325211,0.0394324505860501,0.21275591964789647,0.511403333107865,0.0368178811364952
1,0.185687940260604,0.0552787684013003,0.21284151595031747,0.535383048104055,0.328401720184379
1,0.193276294706291,0.0359510022430194,0.21105186538593446,0.535890658612272,0.0700342120795618
1,0.199685582126553,0.0371292994190836,0.21246373318601547,0.531334246509786,0.0131921936976147
1,0.281222601807903,0.0462696557396309,0.21253068905693745,0.6311842173852961,0.111394500184817
1,0.146869425885056,0.0276690787762609,0.21350887918956646,0.512178813481994,0.0419015018050505
1,0.164827523656922,0.0354676467404321,0.21258937523061044,0.5969942531185131,0.18300409598072
1,0.206125102034646,0.0422337623254336,0.21441300343158848,0.547037452214267,0.181441923332506
1,0.148713607642773,0.0670760395412557,0.21305257640513547,0.647016947696423,0.348954603881412
1,0.187350727091332,0.0370612406823866,0.21194732242803044,0.5270939656105951,0.665915124800646
1,0.0168092632342715,0.0036828413805522,0.597840031387095,0.635379025653268,0.0909851365400669
1,0.147141518275539,0.0115416803500851,0.20745666872995044,0.593367238687276,0.272141022891806
1,0.0937509447652447,0.0268248231277361,0.20350564709283447,0.516647896414843,0.348274346478894
1,0.186201892553738,0.0318314138102483,0.21128944529138743,0.858681840942217,0.0441126955517532
1,0.206064637058984,0.0481578196418069,0.21365956118218243,0.53727176710296,0.264909992067202
1,0.247362215436708,0.0445971219255603,0.21409234415118544,0.721437528020436,0.0409663280204743
1,0.194153036853403,0.0308788255700879,0.21110866373930548,0.5378994655897891,0.0535617570677634
1,0.217432052483599,0.0357990236660719,0.21336558518736448,0.532083028529875,8320000000.0
1,0.161199625117151,0.0387380624209117,0.20440351667600148,0.610484810750024,0.288269524211749
1,0.29519001118602,0.218206076470393,0.2152300975319585,0.607645491456555,0.620196372258874
1,0.1957855911963,0.100664591842745,0.21845563587778044,0.6056560410980291,0.802943244982721
1,0.338482933760619,0.193949546593026,0.21450123696430945,0.752377839193649,0.652032078399082
1,0.276869123560178,0.106007286646815,0.21193180100497544,0.548165686300848,1.0
1,0.230673882153762,0.460674775305422,0.21186913420428544,0.52888163389081,0.885724978686357
1,0.126311334159688,0.0416527475879654,0.21252695044130548,0.546135806109309,0.351894541758151
1,0.207273936572241,0.0927520686024711,0.21213806548975545,0.5446345423728031,0.41859457177831
1,0.196994890709557,0.0681355227706344,0.21287255453390846,0.5504812230888301,0.170379949286276
1,0.157934516431357,0.0561279135439122,0.21295900057425948,0.5773265037609681,0.472788671849171
1,0.137588052120809,0.0356233880735899,0.20987023616188344,0.511892398688043,0.54949256316247
1,0.288659793814433,0.0846990837224084,0.2133996610433085,0.664227797271733,0.265913421659661
1,0.0803881851437555,0.016204368613037,0.21149958486046444,0.5251937041997901,0.175121085307305
1,0.189315838800375,0.0699561538834666,0.21487753782266145,0.584293336889262,0.0796519636872573
1,0.172748435468755,0.11085387066588,0.21214569308822046,0.5288079913553421,0.809538601110864
1,0.16395078150981,0.0761414074363882,0.21617036862523048,0.586556933144015,0.084525477958118
1,0.155425219941349,0.0451516467580234,0.21262649638514147,0.552354543663334,0.374695337045444
1,0.197539075490522,0.0668160047129402,0.21094171374775944,0.556324438262471,0.343862488169596
1,0.194032106902077,0.0405222652640544,0.21023167216132443,0.540188156035879,0.012092194585653
1,0.194394896756054,0.0661289632059841,0.21246200287490147,0.5450050104234611,0.511705842125653
1,0.129395047918493,0.0362238055499136,0.21368162466678348,0.580003736635633,0.428272909584115
1,0.212957644284548,0.03778749947492,0.21007744919344046,0.568306278951057,0.232405416200734
1,0.122622970644254,0.0349905991487872,0.21188092823483445,0.522993965664601,0.390737219503393
1,0.189618163678689,0.0998254290357892,0.21254113415856246,0.569129139782493,0.628177076446327
1,0.12210901835112,0.0230200621254458,0.22341542458657848,0.720029586641297,0.0762426961068495
1,0.118390422347855,0.0598125572473407,0.2195069592706715,0.6785190217208781,0.437562139696991
1,0.161743809898116,0.0490290492168802,0.21722918444028044,0.543154313091596,0.775263833026578
1,0.19239955255918,0.0312562295846065,0.21343619514904943,0.843423038596367,0.0085598403058316
1,0.157722889016537,0.0259338468858233,0.21168959585702246,0.5200196212289601,0.0033554015885985
1,0.0704416966472171,0.0152062078454776,0.17472514966111946,0.90150400074302,0.13928464768633
1,0.17689028630166,0.0361207783505545,0.22199018848028046,0.5646201100592331,0.242020428071749
1,0.122199715814614,0.0547439986110997,0.21876489405037247,0.7979959046738441,0.200783340305061
1,0.232638993862805,0.257160080720448,0.21484489154343045,0.579304207023096,0.650541510814528
1,0.201922786226079,0.0737369604940085,0.21317584812574647,0.612734474364825,0.0338960873002258
1,0.217220425068779,0.0421754410406556,0.21290323724241045,0.546041822611404,0.101167285267941
1,0.190343743386643,0.0352210656171701,0.21177741238830144,0.59742105969639,0.464825011468567
1,0.13441364089851,0.0601347272943751,0.21392339159138546,0.5236656412084361,0.162322233910709
1,0.201348368957282,0.0361641542284717,0.22385732748956544,0.5874574043151091,0.0348346010428297
1,0.0659068234725036,0.0345964662492336,0.22043257468594246,0.5273285519833251,0.187754228090368
1,0.153520573207969,0.129762656771191,0.21139647912278747,0.660123258070618,0.0
1,0.178008888351422,0.067217524248713,0.21135749116580543,0.555365508365891,0.340420997690691
1,0.0654533361550322,0.0171244789589343,0.19495180816459445,0.6976542127651211,0.0045917955779236
1,0.178885630498534,0.0388080307540725,0.21289740226040849,0.626617601488307,0.210149038204281
1,0.191250718021586,0.0390928925276615,0.21526488767745144,0.558985375496336,0.617489857467947
1,0.157511261601717,0.130218982640927,0.21349209746626446,0.579524084940767,0.60880695215745
1,0.151041509205793,0.0885548876694257,0.21478822891051647,0.555865170773246,0.588712201608222
1,0.243704084409106,0.0476242970105371,0.21720554210006948,0.904263826855704,0.163233773850622
1,0.185264685430964,0.0189221767025255,0.22070342161146245,0.6108394966328871,0.57461561070803
1,0.249538954560571,0.046946581829354,0.21280541326603247,0.607812855147825,0.0579405009277521
1,0.1904949058258,0.0443222580211151,0.21331072424010544,0.528972736750701,0.068961081395804
1,0.173746107567192,0.0463353081004087,0.21101669941313045,0.889690335116335,0.0679826441524335
1,0.192671644949663,0.0794743904976791,0.21228633095085647,0.56166791190971,0.646243943534167
1,0.207576261450555,0.0578964784008769,0.21326484002429047,0.573606835800584,0.414240673569594
1,0.232487831423648,0.059826209186972,0.21207458232576148,0.5589393214842661,0.261141907826754
1,0.180487952353599,0.0599700109162708,0.20892632714368248,0.75080627193765,0.313767196656675
1,0.224839012002298,0.0702823495386523,0.21772327201735647,0.569460018840213,0.57870068413539
1,0.120990416301357,0.0343925008368551,0.20851745478158545,0.535723070056343,0.253310606067399
1,0.0889742116878798,0.0203619336974936,0.18572737210467444,0.634666956472583,0.0220765161429025
1,0.181878646793845,0.0514972983306447,0.21459631184190647,0.519063846164339,0.576874945099375
1,0.163890316534148,0.0556437517120756,0.21858818306901645,0.6021385549753511,0.32379182085623
1,0.200139069444025,0.0470938935913409,0.21404555877512144,0.571691634343339,0.239701483745929
1,0.217552982434925,0.0439489664854151,0.21536692461086848,0.59026076704476,0.123607901258435
1,0.226108776491217,0.142564865223786,0.21417455923215245,0.564566759156919,0.0004759114768185
1,0.218822746923844,0.0440889339265471,0.21332204880393746,0.567084002107366,0.117154483532176
1,0.185294917918796,0.0338456182857926,0.21055064303028048,0.543405891160548,0.108552035775391
1,0.23487619796233,0.0448147706854067,0.20790917034399947,0.617429075090084,0.194906543139557
1,0.18665537987121,0.0631949016437023,0.22027235970299847,0.708761656653238,0.283336535340316
1,0.169634489222118,0.0361228319361233,0.21382050034009648,0.630875276085355,0.194898783651544
1,0.227318076004474,0.0429612297596905,0.21698717650190447,0.55760926527937,0.0359884144924401
1,0.201801856274753,0.0553606083123546,0.21399756152829547,0.572676753285113,0.0345458666817932
1,0.216555310336488,0.0449604014707635,0.21361871295256746,0.599509219234199,0.0507105197156927
1,0.525410406022311,0.0593737269060177,0.2125827895915985,0.8058717781746301,0.275408235331926
1,0.268706351845693,0.0507798388939503,0.21578619833841245,0.76752621761614,0.187484930156901
1,0.269038909211839,0.0607662585422739,0.21195581803884744,0.683454799723769,0.224805955876793
1,0.161864739849442,0.0412197156202174,0.21361711500630848,0.52447885816478,0.25261748367963
0,0.0992532575505638,0.0289049578138497,0.21811299437273546,0.499992790236804,0.137803799348644
0,0.0819905069988209,0.0163280717616437,0.19657318028220844,0.493129203941314,0.184775155988437
0,0.0611905553708015,0.0188595200650251,0.24267661306582644,0.52289776523178,0.399760515401744
0,0.0632161320555068,0.0130293108738624,0.2225895009477485,0.5063856918763,0.377544617737909
0,0.224445989660489,0.0566942580948179,0.21017527063044444,0.639617104031944,0.0732508881550683
0,0.104090455603592,0.0209667825030449,0.21452141532669045,0.47493577940589404,0.103628257873884
0,0.0396650240348278,0.0103949703517777,0.20962000228511046,0.510731589335864,0.164047538662922
0,0.089488163981014,0.0176286967152385,0.22505342679060647,0.48896541514456204,0.330505191245211
0,0.211869274722617,0.026406364542242,0.21228789062512549,0.572923798505344,0.219499935120308
0,0.0797533028992956,0.0227785730159489,0.21238955000808546,0.545265247063098,0.197120161532561
0,0.0459533815037639,0.0187358156990604,0.21330009111145948,0.516490071533696,0.248452690319972
0,0.179641442694319,0.0552381382500202,0.21192922539983444,0.5441624204408421,0.474963980417387
0,0.196450705928591,0.058772071960933,0.21299193851870046,0.517374594611221,0.268499142162825
0,0.0238232004111618,0.0048765943286479,0.0739689742747095,0.488974898219,0.0352244370594238
0,0.14801826042265,0.0566947006774948,0.21310190500932447,0.547625511738233,0.365258121894637
0,0.16011125555522,0.0388068238166502,0.20317557521562546,0.519586111954491,0.0618801369003856
0,0.168153097318378,0.0322086552344315,0.21219409858471744,0.5280212350755771,0.0665155740455595
0,0.217734377361913,0.0368440806187383,0.21329107937293446,0.5438183435573161,0.0242152267052143
0,0.136439217583215,0.0244476901930377,0.20859507776794844,0.507085975201863,0.0249631283303529
0,0.145388033981316,0.055416158257283,0.20954815324508846,0.505419243428015,0.583396387222878
0,0.232518063911479,0.0403763727467261,0.21274972062853348,0.507814632475534,0.038979406308483
0,0.115367173564713,0.0205216309085359,0.20514030076984446,0.477627597092088,0.0388835413517321
0,0.186504217432052,0.0356880002749924,0.21425322141186448,0.593086892356263,0.0004243378966588
0,0.0983462829156211,0.030996403216676,0.20989526014812748,0.506629269311905,0.54902119105329
0,0.0997067448680352,0.0331419937332908,0.21109279514758544,0.48580421490328907,0.498134004810424
0,0.163648456631496,0.0349422490486656,0.18770015885542046,0.48753999870627907,0.281114133673835
0,0.0699882093297457,0.0303519038921798,0.21020214495855644,0.47470849600948906,0.133009375862405
0,0.0744928500166279,0.0153784604000588,0.20153076250197344,0.518204358979907,0.406056333184609
0,0.136953169876349,0.0302038911754526,0.22016484534046848,0.519566164665369,0.357754724879424
0,0.130785742358739,0.0262558485965926,0.22310378361986444,0.50200408449934,0.055281492468375
0,0.157511261601717,0.0468137481061418,0.21760429619154248,0.560819452062572,0.68743714695905
0,0.149862442180367,0.0408509850380256,0.20748370553263545,0.557552669535169,0.362880922006437
0,0.150497324424827,0.0295506077851339,0.21212769124119246,0.536802272435871,0.103314212974129
0,0.099192792574901,0.0284284427432913,0.21642022717349846,0.517825468434425,0.604594254729204
0,0.176980983765154,0.0363510751192313,0.21225357234968445,0.498140675809134,0.0956760926101909
0,0.0503068597514889,0.0142859008719151,0.19418754686811046,0.4481010199654051,0.246877768391827
0,0.0310487650028721,0.0062638094703225,0.20025354154708147,0.482840432700262,0.0403624216658972
0,0.146506636031079,0.0403383888395869,0.21232892722185648,0.5284286497992601,0.198176296964381
0,0.125918311817879,0.0286518191238654,0.20157382551893244,0.499113278245802,0.230040688726164
0,0.0650300813253923,0.0145265686056176,0.20479957730818543,0.48532757325572906,0.334775908692866
0,0.151857786377241,0.0345781584995582,0.21592121611354748,0.608358728524064,0.170569123351908
0,0.116909030444115,0.0198282339162866,0.21242174736231945,0.504076206253972,0.0086012721080892
0,0.122411343229434,0.0271513450348676,0.21252981417467148,0.5084339542733031,0.315794307371819
0,0.179369350303836,0.0319813712320442,0.21253221770096647,0.516075840720131,0.0860138347445959
0,0.0499440698975119,0.0113423503448305,0.17075025110914543,0.4533246996878181,0.175896505169988
0,0.132055506847658,0.0242174264391101,0.21653065519529546,0.510104126604575,0.685957785228108
0,0.102457901260695,0.0178314615691507,0.20132369834120145,0.487231057086019,0.0633791891973679
0,0.083925386220032,0.0170177389637374,0.21170294516328247,0.525726745555695,0.623931474284664
0,0.0376394473501224,0.0084551571631987,0.14050733066496146,0.562569411308095,0.334448700246811
0,0.0441696647217099,0.0122417126738862,0.21863369708042046,0.525114326974856,0.32636912896279
0,0.0852556156846147,0.032967889382404,0.21703597460371649,0.5193980924261961,0.0733298673667026
0,0.155999637210146,0.0517664951900967,0.21161927982784545,0.525555315081346,0.567898078026783
0,0.0889137467122169,0.0302871329472932,0.23096975826462746,0.411809224581685,0.13249119371976
0,0.178825165522871,0.0307378122723451,0.19938404112157349,0.50923125356648,0.111486930139884
0,0.154760105209058,0.0213957714787694,0.21503799114396743,0.601271713243069,0.233679275985862
0,0.118632282250506,0.0245454077637144,0.20962186228566848,0.47839813524850006,0.0212809904147275
0,0.14759500559301,0.0415260800752235,0.21116869226673846,0.521653227747721,0.304661498942005
0,0.0660882183994921,0.0227449108271224,0.20553493862721045,0.504324677859289,0.190416183936152
0,0.176225171569368,0.0240654806334402,0.21073190783425144,0.48019637697252904,0.0564936348292749
0,0.126643891525834,0.0230379818787773,0.22281926366328048,0.537247115273582,0.0156434253619425
0,0.110650905463011,0.0149862470793046,0.18843357669197747,0.488499337331215,0.300333932991305
0,0.0812649272908667,0.030600492584878,0.20932486579650245,0.5889526879970061,0.573254684735876
0,0.0563533573177737,0.0108847168378177,0.20492039218472347,0.512635045298311,0.0230484997154414
0,0.124164827523657,0.0445853712069696,0.22013929869669846,0.5759728925024711,0.0897891960231966
0,0.122350878253771,0.0523457758741257,0.21989609870374444,0.49162219302286003,0.278952468002531
0,0.119841581763763,0.0304265538433744,0.21078845859868345,0.486495795774324,0.201792711159078
0,0.144299664419385,0.0235143191663725,0.21813042309218444,0.534138126876602,0.221150795896192
0,0.046527798772561,0.017675283594023,0.19070652299393248,0.462859036221241,0.468977859287033
0,0.0938718747165704,0.115552661725684,0.21289026702837044,0.508282661998814,0.384288069443887
0,0.140067116122986,0.0305925140205015,0.20802518925050045,0.49045204922473506,0.307177624761441
0,0.0990416301357439,0.0277123090581605,0.20510595324625946,0.510684868417495,0.0910795386509881
0,0.105843939897814,0.0295545303561034,0.20650733438514346,0.570676675669008,0.19410190458436
0,0.107990446533845,0.0255489193066569,0.21315456137208244,0.550609041030365,0.370501085317966
0,0.104604407896726,0.0262965286595509,0.19570066648166845,0.44380322144097206,0.378099219163062
0,0.223780874928198,0.0398029084531706,0.21214061769638148,0.522073226564036,0.118852375421332
0,0.050095232336669,0.0120560628996631,0.22187919685355545,0.49990339244042403,0.414850016008038
0,0.0315324848081749,0.0057801238689381,0.19131302937110944,0.503658155303749,0.224981135797222
0,0.0761254043595247,0.0291584401396522,0.21467430707324847,0.490842527347242,0.28885110770426
0,0.116455543126644,0.0227750735986226,0.21146208221037843,0.550082749458097,0.323830368290157
0,0.112102064878919,0.0424953754827521,0.21219017157929748,0.5182931161362301,0.584116374939601
0,0.0384557245215709,0.0103697664637711,0.23787747751797744,0.4991789989466491,0.21157304733667
0,0.0501254648245004,0.0395207260358602,0.20915157235871346,0.528876104846801,0.0697593985148206
0,0.0962300087674215,0.0442226753118891,0.20167503443513246,0.517990365661476,0.0725428428802874
0,0.0757323820177162,0.0221250689916651,0.21228995581614946,0.485041069733131,0.169319293082315
0,0.0287208634398525,0.0087590891908243,0.18708965346344048,0.47950915725868004,0.424381397726793
0,0.100099767209844,0.04624074202614,0.20460896706477544,0.518712158156621,0.123422371910378
0,0.155848474770989,0.076527925858998,0.21138553605451044,0.580606196466792,0.560410222715426
0,0.0602231157601959,0.0154096607014409,0.20820044857166148,0.45870633306002906,0.528253176041814
0,0.0953230341324788,0.0291743179453575,0.20963631894025347,0.468322478688041,0.435889613099965
0,0.0854370106116032,0.0232994303519047,0.20910618291266048,0.48391431456412004,0.101248493873149
0,0.123318317864377,0.0226941292735066,0.21349060399709546,0.5145059711602831,0.182211035189091
0,0.140822928318771,0.0182817951158344,0.20555016729675246,0.5082151093877241,0.178057101600168
0,0.0854370106116032,0.0310623502754801,0.21792732049045244,0.5078011402756221,0.110509372050328
0,0.119871814251595,0.0348610522921934,0.20903660887941544,0.491692439845708,0.488537399383015
0,0.0684161199625117,0.0180310556437041,0.20894433656348543,0.487354014171124,0.361777977574235
0,0.116122985760498,0.0205125447918448,0.20797711083440745,0.563878967671819,0.268785895070259
0,0.141729902953714,0.0522753844847104,0.21266217853100045,0.555308599348702,0.139570534870032
0,0.0487347703842549,0.0525928984295348,0.20981357724733846,0.5538476443642381,0.292058644092581
0,0.115216011125556,0.0217869264284724,0.21173330165295345,0.5203639377118671,0.0460744730514231
0,0.145811288810956,0.0352582162184066,0.22221551250658944,0.5098226136680181,0.24257693243618
0,0.196692565831242,0.0315645440523622,0.21254520341425548,0.501775367350489,0.0312885801051835
0,0.118269492396529,0.0357855557909712,0.21070066455900044,0.513819799213246,0.641408423997715
0,0.0787556308008586,0.013328903507137,0.15628938869056141,0.492633718827448,0.0097365344824436
0,0.151464764035432,0.0273246273282395,0.21210504728296647,0.5052900769391611,0.130264746499417
0,0.0828370166581008,0.0183625340483074,0.20632612141160445,0.525040841396202,0.209057880218456
0,0.102397436285032,0.0226048543240787,0.20200398096167044,0.4816944077189891,0.041057546168933
0,0.0536324334129455,0.0109890829849013,0.25369884024208444,0.49931540562910404,0.0099446015738758
0,0.135955497777912,0.0409790279705379,0.21047159944570548,0.577762929869615,0.522967942985741
0,0.0461650089185839,0.0169636407912737,0.21286540519927644,0.575149711030687,0.16351550907289
0,0.08749281978414,0.027862863472323,0.21294981398171547,0.525564497695597,0.451664011718569
0,0.054237083169574,0.0456575416441064,0.21198160551500844,0.529063672723857,0.272626661880158
0,0.0623998548840584,0.0218402201707653,0.23752170137444345,0.5581065877489181,0.877125471084396
0,0.109804395803731,0.0236065913972961,0.21383570765169146,0.490880481747076,0.247677015285735
0,0.11255555219639,0.0231301046181378,0.21122596824909745,0.515317628478409,0.104345852969886
0,0.0670556580100976,0.0241067546210229,0.21549324884007448,0.520753227767389,0.143133411593381
0,0.0750068023097621,0.038722868283463,0.21009288727062247,0.49177424541677706,0.32316787578657
0,0.166943797805121,0.0209698998160401,0.22663565913296646,0.538632768144511,0.234349614756452
0,0.191160020558092,0.0467944908172211,0.21393905694251647,0.505609597768997,0.403383964893122
0,0.12486017474378,0.0228778073173134,0.21019518380965646,0.5259215100628261,0.620344988510648
0,0.091060253348248,0.0185379182320139,0.19284278129303445,0.527650157455905,0.114261746194356
0,0.0573812619040421,0.0205069648609906,0.21400005909304048,0.528708449343986,0.458728464073575
0,0.141034555733591,0.0626926957906288,0.21325351849863744,0.5311014721874551,0.642252588316641
0,0.144904314176014,0.0363385890190158,0.21265175898182348,0.507476944054653,0.431902180499398
0,0.190222813435318,0.0331752117325278,0.21495066552804348,0.512214487843866,0.0173329864680686
0,0.153006620914835,0.0402793340722627,0.21232713582973445,0.521516953357438,0.667112684158911
0,0.129274117967168,0.0360926850876659,0.21757907436087848,0.5005098002159311,0.199603367122331
0,0.0284185385615382,0.0101079472807835,0.19775493565871843,0.50970098430943,0.0186106201061738
0,0.0891556066148683,0.0249011839524127,0.1950820638431245,0.5819720337001301,0.0610613926269983
0,0.136681077485866,0.0435705709571472,0.21410555451742547,0.524366622191022,0.338695889224289
0,0.183753061039393,0.0313733704431417,0.21353623033044045,0.561285165351727,0.163415844436082
0,0.161925204825105,0.0286832032950009,0.21344017638823648,0.525146338156885,0.0362081967475078
0,0.115488103516038,0.0165947325235072,0.21143090926671043,0.487675619323384,0.112348893449488
0,0.140732230855277,0.0400703198379811,0.21342229498007648,0.508105512850999,0.497108409384546
0,0.154367082867249,0.0214182870994368,0.20079379666152547,0.480757763768058,0.345121246344316
0,0.0977718656468241,0.0255630828775113,0.18429846125252847,0.50594831986261,0.635360585443133
0,0.059376606100916,0.0146846248180668,0.23112536940836348,0.505041213582449,0.324090467650695
0,0.0827765516824379,0.0120143140450691,0.24479011444991844,0.54042399325832,0.0087156137581047
0,0.113583456782659,0.0154355492315906,0.21114507001478744,0.49890682718275803,0.172565902743918
0,0.205913474619826,0.133103636170285,0.21474206268818047,0.580489587484008,0.715105187768267
0,0.140550835928289,0.0381146571350969,0.21473481309363346,0.528830696920229,0.345300444958444
0,0.0724068083562596,0.0114588066099171,0.18651348258075545,0.48619572797980704,0.303587811426395
0,0.0947788493515131,0.0315971503535479,0.20654895657959244,0.5291977516406651,0.57835986378492
0,0.143846177101914,0.0445588411778446,0.2102120186784215,0.49781388467561505,0.648468527072394
0,0.0406324636454334,0.0091530139708531,0.17401075191510645,0.484035679979005,0.190114424461966
0,0.21362275901684,0.0449104056486997,0.20934478750075447,0.525095446351427,0.268486332964067
0,0.162408924630408,0.0361302381961537,0.21320490100978046,0.537404599334218,0.0272262489716741
0,0.143815944614082,0.0257116356629447,0.21614810117450445,0.517913091657848,0.115624033770184
0,0.0671463554735919,0.0135203299372683,0.23404633472610747,0.528852172135887,0.0285414610116524
0,0.133053178946095,0.0482839224465165,0.21268858883391145,0.5541353727906251,0.6250315488117
0,0.117181122834598,0.0339694912801884,0.21177273304807148,0.620253863065468,0.405806354940309
0,0.161774042385948,0.0335591785727552,0.21266713026440748,0.520401756296009,0.306191354681149
0,0.191280950509417,0.0355705633549899,0.21981083637431448,0.526952019633891,0.0765374316482703
0,0.113432294343502,0.0296149021100137,0.20966928731183349,0.4951881682304631,0.50329840742082
0,0.018199957674517,0.0035034816464558,0.16096803118214542,0.5326664722422331,0.0080860001608551
0,0.190797230704115,0.0559230887254752,0.21053279871511543,0.519409979502447,0.367109197296451
0,0.137588052120809,0.0319859533188875,0.21305432403840546,0.500231939888657,0.0295068307854616
0,0.0594068385887475,0.0138187264432598,0.21755769297019745,0.507509808248917,0.116086178380106
0,0.0061674275176104,0.0017516439215306,0.34670160684077844,0.565419974154877,0.0150267852236819
0,0.0400580463766363,0.0097579497444604,0.18090737818643848,0.511490472648046,0.409423782589638
0,0.141790367929377,0.0425903439181892,0.21056997659744048,0.518126255347405,0.23675235969326
0,0.125736916890891,0.0453537913923784,0.21383767163053446,0.544201400185087,0.519813074212702
0,0.130967137285727,0.0353223916804505,0.21325460603077845,0.515622773986014,0.225244948058828
0,0.0405115336941077,0.0160755600110328,0.22698866137347945,0.507354561623678,0.0798999625441218
0,0.147020588324213,0.0562618301314185,0.21391995835811645,0.565267942581762,0.538420092990795
0,0.141911297880703,0.0394867239606782,0.21212592501607846,0.483920293978089,0.209582034615156
0,0.144148501980228,0.0281670413575716,0.20596887415445947,0.552507288909472,0.588120867876347
0,0.138404329292257,0.0371925802203812,0.21325089614181147,0.509501196543615,0.241980885778688
0,0.0816579496326753,0.0238500504355196,0.21958011953445244,0.5249849843099861,0.533973998303818
0,0.042174320524836,0.0084025829281822,0.21246216389840344,0.526004693970977,0.0458704163890238
0,0.0708951839646884,0.0133121140950619,0.20868322854429344,0.48130684354778,0.0410888227632068
0,0.0654835686428636,0.0305293485273542,0.20910019452527745,0.546973031051774,0.0740719506671856
0,0.103032318529492,0.031631168108301,0.20496387564941648,0.42749653664700205,0.41585078747739
0,0.106660217069263,0.0330960223020201,0.21454862303829547,0.507697224934919,0.135609821933686
0,0.0627324122502041,0.0222853609064409,0.22191344606710045,0.50566508776846,0.441967547434708
0,0.12996946518729,0.0448039547516823,0.21953936675808144,0.560061002784028,0.65045649219843
0,0.0425673428666445,0.0144620199989974,0.22266844105284445,0.46855276828791204,0.127732595493181
0,0.237566889379327,0.0650847297716622,0.21106447813777846,0.5489878273731801,0.357642279970187
0,0.151797321401578,0.0377876442431342,0.2108572634737675,0.537475528118406,0.12619381494816
0,0.153611270671464,0.0211779572556227,0.20855402180849347,0.506974843691563,0.302811529972312
0,0.114429966441938,0.0439873936082575,0.21386578739497347,0.532234067110902,0.585991590396853
0,0.0419324606221846,0.013580460459516,0.19481177299510244,0.5117281731720911,0.270645084307628
0,0.124195060011488,0.0361479675546929,0.21096362908711047,0.521751507377846,0.500965466883631
0,0.115336941076881,0.0323705009362728,0.20963199656341547,0.499734146868988,0.48413149679844
0,0.153792665598452,0.0690855591362467,0.21261684281990845,0.513266889046626,0.623916420196084
0,0.093055597545122,0.0352785439058755,0.21752449052277545,0.5205969919939021,0.19774754676932
0,0.0308673700758835,0.0084733608044175,0.19771493403816248,0.418716098285161,0.0554484707411763
0,0.126674124013665,0.0384742748674158,0.21853695333548445,0.527447567530482,0.321348509840897
0,0.037397587447471,0.0402165975273827,0.23758514794424845,0.5030428759447381,0.821910741618661
0,0.0716207636726426,0.0189356597702541,0.20920770176849246,0.4882617383486191,0.358705988935042
0,0.143029899930465,0.0129859486303549,0.21842877048282244,0.49640190982668,0.0589210818187896
0,0.0633975269824954,0.0157803255194226,0.21641257173261447,0.53364200176332,0.0346206257485024
0,0.19983674456571,0.0721464916074461,0.21248071447688444,0.5345439489691051,0.354016199215866
0,0.0099464884965383,0.00516305483416,0.1594847626775424,0.46062303105244606,0.546148483132803
0,0.161532182483297,0.0512108525795116,0.21747988279571445,0.5809700572762261,0.059512112857283
0,0.0859811953925688,0.0407985195374262,0.22741093809183044,0.58402500800475,0.319984886488474
0,0.173594945128035,0.0643586615686982,0.21129703647704645,0.5657115352104021,0.287154968957316
0,0.0487952353599178,0.0123738474388252,0.17418938565582848,0.49118013857099607,0.103005221917452
0,0.0417812981830275,0.010879995874773,0.11210233074258447,0.4485197589630491,0.31553721118418
0,0.0994648849653838,0.0093922533053648,0.18913045584284943,0.47813849856827606,0.140766385508662
0,0.0964718686700728,0.0430688565271538,0.21226549144438844,0.486963759631998,0.0478120797585365
0,0.175348429422257,0.0347967574803704,0.21357026396929546,0.528592562682865,0.11880609019414
0,0.178915862986365,0.0424821360327078,0.21265278697471945,0.528637566045242,0.373723566288047
0,0.159355443359434,0.02809999268716,0.20639144163110146,0.501949281266017,0.0595321205798693
0,0.134443873386341,0.0329820697041046,0.2127127800869585,0.507574242544531,0.78243117737035
0,0.0840463161713577,0.0214416417232426,0.21336596604807645,0.518882413056466,0.410670334886196
0,0.105481150043837,0.0404110388663536,0.21279946437498048,0.488969041807923,0.268396548735108
0,0.131995041871996,0.0329208946886871,0.23103950053138145,0.598571294003155,0.220050149041056
0,0.167155425219941,0.0373698282765847,0.21241936125794247,0.526572693453171,0.179204235133723
0,0.179127490401185,0.0604678967066385,0.21084159186489448,0.6058371359479521,0.158717495622486
0,0.119811349275932,0.0299117741429204,0.20399280240638545,0.48376877139349905,0.0677396681461507
0,0.139553163829852,0.0262087288071669,0.1964751926522635,0.501061042796484,0.0526831094642699
0,0.0109441605949754,0.0032079593227184,0.2686758214360215,0.512661315384472,0.357699935311222
0,0.147081053299876,0.0395698725802842,0.21243715655412648,0.628121271789185,0.187711970854623
0,0.0412371134020619,0.0078746009801445,0.1483485008886155,0.501942685556314,0.352380424554142
0,0.12210901835112,0.0249385989151139,0.21502395443831046,0.5282149374014941,0.0728675058093058
0,0.0851649182211204,0.122825108546573,0.21478499787488048,0.501649585042733,0.0989554375795647
0,0.0858602654412431,0.0209100499191602,0.22812843514346848,0.504775050701969,0.34801398161597
0,0.143725247150588,0.0382288146874064,0.21224748506276447,0.511786851316796,0.255457186657628
0,0.0771230764579617,0.0137413019383904,0.18438804128816344,0.43012393989742403,0.114582768538132
0,0.126099706744868,0.0452428182051431,0.21159365369260846,0.526773342879862,0.295180620529201
